bike_id,biker_type,duration_sum,race_count
W21713,Member,8446,41
E00013,Member,61182,206
W21703,Member,11055,67
W21699,Member,5104,29
W21710,Member,3990,38
W22157,Member,30280,40
W20543,Member,16036,19
W23906,Member,4069,13
W21102,Member,13376,88
W00946,Member,73530,38
W21962,Member,18571,49
W20009,Member,14934,57
W20406,Member,14110,34
W23494,Member,17816,68
E00103,Member,172620,137
E00117,Member,24684,132
W22382,Member,19344,39
W00967,Member,24090,66
W01360,Member,18906,69
W00952,Member,40040,52
W23443,Member,21488,34
W22364,Member,14342,71
W20617,Casual,23023,23
E00128,Member,283611,201
W22121,Member,9340,20
W24032,Member,20196,27
W22896,Member,5696,32
W00007,Member,18240,60
W23935,Member,39061,67
W23415,Member,19360,55
W23068,Member,9090,30
W00920,Member,17664,23
W21009,Member,5508,34
W00436,Member,14986,59
W23492,Member,12328,67
70232,Member,38383,131
W20073,Member,63000,60
W21205,Member,8352,32
W22136,Member,16320,40
W22543,Member,50760,45
W24151,Member,21420,15
W24146,Member,19647,59
W23276,Member,1735,5
W21611,Member,20016,72
W00866,Member,43680,65
W20396,Member,18722,46
W24168,Member,100890,57
W22167,Member,5828,31
W22936,Member,16589,53
W22003,Member,9715,29
W00087,Member,51150,66
W21282,Member,5075,35
E00037,Member,44496,108
W23385,Member,402595,73
W00531,Member,25872,44
W20301,Member,9315,27
W20397,Member,16849,83
W20519,Member,10098,17
W24030,Member,8437,59
W20819,Member,27645,57
W23648,Member,21267,51
W21274,Member,13598,26
W20308,Member,33810,49
W01269,Member,52032,96
W20798,Member,16701,57
W21911,Member,4704,56
W23957,Member,18396,84
W24003,Member,42312,82
W20509,Member,17920,70
W21500,Member,7935,69
W22822,Member,16461,31
W00604,Member,24896,64
W20587,Member,13939,53
W20650,Member,7345,65
W23058,Member,59304,42
W01210,Member,4890,15
W20201,Member,5994,27
W23603,Member,3816,53
W00165,Member,2844,36
W23774,Member,80535,105
W22628,Member,15440,80
W21921,Member,4816,16
W21147,Member,12864,48
W21721,Member,8568,42
W23747,Member,67940,86
W21808,Member,25864,53
W21195,Member,5828,31
W20172,Member,16695,63
W23316,Member,124550,94
W00883,Member,10614,29
W23536,Member,18816,64
W20952,Member,3052,28
W23308,Member,4563,39
W21334,Member,6264,24
W23896,Member,49324,118
W22000,Member,19728,48
W23535,Member,26068,98
W22706,Member,25300,55
W22742,Member,4432,8
W23150,Member,47047,47
W01459,Member,2464,16
W23481,Member,10428,44
W01253,Member,8190,15
W22429,Member,8876,28
W21048,Member,56154,42
W23466,Member,9344,64
W24164,Member,15520,80
W24046,Member,80928,96
W21778,Member,16932,51
W24172,Member,183617,119
W20149,Member,6392,47
W20534,Member,31590,65
W01006,Member,40040,70
W21543,Member,20200,50
W24015,Member,65824,88
W23884,Member,12416,64
W21819,Member,62997,83
W23452,Member,41013,63
W23944,Member,37680,60
W22178,Member,23421,37
W21556,Member,3066,7
W23676,Member,106260,110
W23042,Member,8350,50
W24138,Member,45752,86
W20919,Member,15842,89
W24120,Member,43434,127
W21434,Member,21375,75
W23342,Member,5920,16
W00788,Member,86445,45
W20542,Member,49818,69
W23963,Member,49140,90
W00834,Member,30566,58
W23801,Member,63262,94
W24150,Member,52726,82
W23826,Member,74414,58
W23668,Member,18144,81
W00450,Member,29072,46
W21915,Member,21648,48
W21375,Member,21300,30
W01337,Member,32395,95
W01031,Member,9858,53
E00145,Member,9900,100
W23473,Member,6330,10
W23633,Member,44034,82
W23897,Member,14756,28
W24143,Member,18000,50
W23750,Member,53012,58
W00338,Member,26970,62
W01436,Member,17208,72
W22375,Member,32934,33
W21945,Member,60613,49
W23419,Member,9082,19
E00024,Member,89680,118
W00749,Member,23976,72
W23700,Member,89373,93
W23987,Member,22407,97
W20230,Member,8448,16
W23932,Member,30846,106
W23392,Member,55648,47
W00179,Member,5786,22
W01083,Member,27302,34
W20562,Member,12642,42
W23978,Member,26270,71
W24174,Member,23790,78
W22941,Member,1232,11
W23789,Member,9372,33
W00839,Member,20112,48
W22904,Member,10317,19
W22968,Member,29548,83
W21371,Member,92794,83
70172,Member,250404,132
W00225,Member,12788,46
W21513,Member,62443,41
W22532,Member,27956,58
W22448,Member,7857,27
W22469,Member,2768,16
W21323,Member,7812,21
W00713,Member,21195,45
W22247,Member,5848,34
W20804,Member,20706,51
W21180,Member,7018,29
W23387,Member,14388,12
W23390,Member,20976,57
W22641,Casual,10488,8
W23968,Member,86258,86
W20837,Member,1470,6
W22389,Member,9717,41
W20639,Member,4228,14
W20676,Member,17160,52
W24122,Member,11911,43
W22911,Member,108756,76
W22172,Member,31680,60
W23350,Casual,8272,47
W23697,Member,32634,98
W22037,Member,7997,11
W23265,Member,22288,56
W01198,Member,11900,34
W00050,Member,53256,84
W21418,Member,14768,52
W22139,Member,4991,31
W23658,Member,101246,62
W24075,Member,2310,14
W22310,Member,7920,60
W20134,Member,14896,56
W23257,Member,1040,13
W01095,Member,43470,54
W20538,Member,9796,31
W20148,Member,9128,28
W24162,Member,51397,103
W00592,Member,36080,55
W20121,Member,25191,27
W00504,Member,6768,72
W01181,Member,4755,15
W23193,Member,37146,41
W23971,Member,43268,58
W00506,Member,37415,35
W23336,Member,10121,29
W22590,Member,38664,54
W00625,Member,35820,36
W24104,Member,214630,127
W23833,Member,7650,51
W21121,Member,17820,44
W22464,Member,6840,45
W23472,Member,4823,13
W23820,Member,10317,57
W21941,Member,26270,74
W24175,Member,78184,58
W01101,Member,37882,26
W23441,Member,38376,72
W21283,Member,19614,42
W20714,Member,21420,63
W22769,Member,46305,35
W23921,Member,28810,134
W23970,Member,22707,29
W22872,Member,7599,17
W23568,Member,19926,54
W21469,Member,19074,66
W22283,Member,23324,68
W00206,Member,17082,26
W00218,Member,31626,42
E00126,Member,16856,86
W23163,Member,11325,75
W23307,Member,22140,82
W22308,Member,17514,63
W01273,Member,54972,54
W24036,Member,21409,79
W21818,Member,18980,52
W01046,Member,24424,71
W00255,Member,21784,56
W21057,Member,30528,64
W22278,Member,48085,59
W23740,Member,5280,10
W24102,Member,86688,96
W01331,Member,26388,36
W23816,Member,15990,78
W22784,Member,6028,22
W23201,Member,34928,74
W21660,Member,11920,40
W22017,Member,2915,11
W01415,Member,13860,28
W22080,Member,10887,57
W21750,Member,22197,49
W24112,Member,9284,44
W24155,Member,90160,98
W22523,Member,9920,32
W23931,Member,10710,35
W20482,Member,22570,61
W00349,Member,4600,20
W23707,Member,33748,52
W22866,Member,21840,42
W23832,Member,15686,46
W23312,Member,75615,71
W22979,Member,10395,33
W00017,Member,13120,41
W22002,Member,33495,35
W21487,Member,6125,25
W23772,Member,28044,57
W21361,Member,110292,42
W23879,Member,96407,107
W01050,Member,12408,47
W22477,Member,64125,45
W20564,Member,19610,53
W00782,Member,21420,30
W22046,Member,7733,19
W23614,Member,19800,75
W23022,Member,16236,36
W23798,Member,61132,124
W22300,Member,9936,46
W22912,Member,9890,46
W23543,Member,41895,49
W20451,Member,16436,28
W20718,Member,16330,46
W00725,Member,478,2
W22684,Member,41548,52
W00347,Member,8520,40
W00563,Member,45227,71
W22682,Member,19323,57
W00246,Member,37582,38
W21514,Member,58100,70
W00929,Member,13824,48
W23733,Member,11394,27
W23412,Member,1683,9
W23299,Member,9720,24
W22218,Member,5858,29
W23519,Member,15200,80
W22488,Member,23922,27
W20359,Member,88638,79
W21834,Member,14028,84
W21386,Member,7437,37
W23694,Member,34056,43
W23828,Member,20628,54
W21076,Member,21045,61
W23095,Member,91020,74
W23924,Member,35595,113
W22703,Member,15376,31
W23656,Member,10058,47
W23771,Member,23725,73
W20113,Member,3360,14
W00936,Member,7020,27
W23421,Member,56610,90
W01462,Member,56235,69
W20355,Member,4930,34
W01397,Member,200,1
W23422,Member,23142,42
W23548,Member,39480,56
W00461,Member,3982,22
W00112,Member,43486,34
W23911,Member,32219,101
W22006,Member,10325,35
W23141,Member,79152,51
W22747,Member,23968,28
W20882,Member,22680,40
W00697,Member,25917,53
W23234,Member,50922,23
W20450,Member,32240,40
W23954,Member,46480,56
W23217,Member,12558,39
W00790,Member,21284,68
W24002,Member,38152,76
W21032,Member,2530,11
W21859,Member,5520,30
W22289,Member,3724,14
W23675,Member,19116,81
W23632,Member,76095,89
W23152,Member,11712,32
W24084,Member,51992,67
W23770,Member,26220,76
W23343,Member,88076,97
W00606,Member,12960,24
W01400,Member,20680,47
W22120,Member,84241,61
W24035,Member,49224,84
W20069,Member,44931,51
W20081,Member,4319,7
W20326,Member,10830,30
W01297,Member,6125,49
W23975,Member,30667,91
W23505,Member,4543,11
W23566,Member,13230,98
W21895,Member,13916,49
W21314,Member,73368,72
W01047,Member,24090,33
W22525,Member,18435,15
W22947,Member,14664,13
E00038,Member,45592,164
W20494,Member,13770,45
W23825,Member,54516,66
W01356,Member,22974,42
W21675,Member,59840,68
W21055,Member,30618,27
70142,Member,20482,77
W01306,Member,23958,22
W21313,Member,11835,45
W01461,Member,39606,82
W23660,Member,83902,91
W01228,Member,30015,29
W20569,Member,24751,53
W23759,Member,58596,76
W23194,Member,54530,41
W23462,Member,15047,41
W20917,Member,38700,60
W23784,Member,11660,53
W23389,Member,29316,84
W21332,Member,1445,5
W23592,Member,49608,104
W22049,Member,3680,16
W22826,Casual,10868,19
W23977,Member,18836,68
W23849,Member,76560,88
W00372,Member,62425,55
W20195,Member,14982,22
W00833,Member,45298,71
W20094,Member,74308,52
W23723,Member,4980,20
W21865,Member,15168,16
W24116,Member,21300,15
W20103,Member,22428,36
W21998,Member,36801,47
W20253,Member,4806,18
W23941,Member,33528,88
W23698,Member,40902,102
W22844,Member,74880,80
W22324,Member,10218,26
W22671,Member,64885,95
W23967,Member,94428,86
W23802,Member,9975,57
W23726,Member,68094,78
W00916,Member,74815,65
W22957,Member,66780,70
W21907,Member,28080,52
W20576,Member,29583,57
W01435,Member,23100,66
W00102,Member,6006,26
W00847,Member,58589,41
W22297,Member,23733,27
W20574,Member,65526,67
W23207,Member,38335,55
W22842,Member,44748,33
W20129,Member,24983,43
W23078,Member,6678,14
W24109,Member,15618,57
W01420,Member,66096,72
W20673,Member,1400,5
W23887,Member,4116,14
W01450,Member,38038,26
W01002,Member,47574,54
W22736,Member,16016,52
W20751,Member,15656,38
W00176,Member,17799,51
W00118,Member,10481,47
W22599,Member,12804,22
W22640,Member,20732,73
W23985,Member,36675,45
W00089,Member,2752,4
W20044,Member,8206,22
W21346,Member,11840,20
W01075,Member,15414,42
W22363,Member,17143,31
W22482,Member,7448,8
W21743,Member,16905,69
W22537,Member,7240,20
W01162,Member,25300,55
W20395,Member,44138,58
W21629,Member,11583,39
W22971,Member,16926,31
W01288,Member,16277,41
W24047,Member,64505,95
W24139,Member,67296,96
W23518,Member,63440,80
W23213,Member,33292,28
W23695,Member,16055,95
W20474,Member,20709,27
W23529,Member,36208,73
W21385,Member,44148,78
W24170,Member,67140,90
W22575,Member,6986,7
W24006,Member,38643,33
W22818,Member,98346,74
W22516,Member,15288,42
W20856,Member,18048,47
W20422,Member,53070,58
W01244,Member,14350,41
W23972,Member,34317,41
W00720,Member,23986,67
W22637,Member,16092,54
W21422,Member,49436,68
W21435,Member,22200,24
W24114,Member,23556,52
W24078,Member,43010,55
W23522,Member,193725,123
W23184,Member,34810,59
W21588,Member,38998,17
W23049,Member,25731,27
W23381,Member,17595,51
W22553,Member,43780,55
W23908,Member,38724,42
W21355,Member,22425,69
W00261,Member,9746,22
W00344,Member,63765,45
E00087,Member,73645,143
W21372,Member,50323,49
W00332,Member,23800,28
W24142,Member,84600,72
W23886,Member,26598,78
W21783,Casual,22256,26
W21123,Member,33157,71
W20367,Member,12950,10
W23899,Member,93692,59
W22173,Member,26298,54
W22399,Member,20303,79
W22365,Member,43586,38
W24173,Member,11914,74
W00058,Member,28220,83
W23940,Member,7320,12
W23113,Member,15568,28
W23429,Member,29430,54
W00645,Casual,28080,26
W23344,Member,65094,38
W23994,Member,27820,65
W23394,Member,65258,67
W23681,Member,70278,106
W01206,Member,43308,54
W23556,Member,36288,96
W23459,Member,18836,68
W20547,Member,48438,26
W23514,Member,16530,87
W20349,Member,4380,12
W23374,Member,53754,51
W23057,Member,94461,69
W20091,Member,19435,65
W20713,Member,25326,27
W01036,Casual,44857,31
W24158,Member,46170,54
W23654,Member,51401,49
W23715,Member,53704,56
W21151,Member,9936,27
W20467,Member,44486,26
W22958,Member,37069,19
W23233,Member,35532,42
W20299,Member,12789,49
W23035,Member,26660,62
W23038,Member,27540,34
W23797,Member,2910,10
W22489,Member,10885,35
W22901,Member,29647,23
W22506,Member,29445,39
W23367,Member,49302,54
W20463,Member,15239,49
W23661,Member,14858,38
W00778,Member,13764,31
W22874,Member,54366,41
W00609,Member,27126,18
W22129,Member,6160,22
W24063,Member,56515,89
W20732,Member,48312,36
W01404,Member,39331,37
W00291,Member,21840,26
W21231,Member,28900,34
W21602,Member,126560,80
W23111,Member,17440,20
W23738,Casual,30450,42
W00346,Member,26316,43
W22734,Member,22185,45
W23991,Member,65667,53
W00962,Member,5481,9
W21146,Member,4693,19
W23033,Member,4550,35
W21179,Member,40279,47
W00836,Member,16962,33
W21880,Member,22204,61
W20634,Member,7304,22
W22341,Member,4625,5
W23089,Member,13800,46
W21855,Member,6912,18
W24024,Member,60408,72
W00154,Member,18445,35
W00656,Member,17556,76
W00827,Member,54028,52
W23199,Member,48896,32
W21008,Member,27270,54
W21917,Member,65656,58
W22702,Member,25370,43
W00182,Member,16744,28
W23582,Member,77280,105
W22253,Member,4345,11
W23595,Member,50596,91
W22609,Member,25024,68
W21812,Member,47094,47
W23470,Member,56502,73
W23990,Member,13924,59
W01088,Member,31150,35
W21498,Member,47154,87
W00136,Member,9331,43
W20945,Member,8910,9
W20851,Member,17766,47
W22016,Member,5811,13
W01176,Member,32267,41
W23793,Member,18135,65
W22027,Member,34684,58
W20291,Casual,12528,27
W21398,Member,102350,115
W00886,Member,36091,17
W21278,Member,37248,48
W21002,Member,25454,26
W23338,Member,29952,36
W23498,Member,13320,72
W23950,Member,26640,74
W20816,Member,30144,64
W23878,Member,8037,19
W21795,Member,8352,32
W21826,Member,18179,49
W01308,Member,17874,27
W20459,Member,51590,67
W23683,Member,81561,93
W20752,Member,23112,24
W20398,Member,18964,44
W21080,Member,56145,57
W00465,Member,7104,37
W00508,Member,762,6
W01313,Member,20548,22
W24023,Member,110070,90
W22991,Member,11110,55
W21737,Member,18270,58
W23855,Member,27825,105
W21341,Member,43176,42
W01298,Member,48719,43
W22439,Member,18711,77
W20042,Member,32818,61
W21862,Member,26730,54
W21324,Member,57645,45
W23788,Member,28428,69
W00375,Member,6600,40
W01029,Member,7981,23
W24082,Member,15066,93
W21399,Member,10962,18
W21326,Casual,131556,76
W22535,Member,21165,51
W20305,Member,40068,84
W23713,Member,157234,77
W23245,Member,38304,12
W23073,Member,33725,71
W20985,Member,30392,58
W00304,Member,3540,12
W24111,Member,54054,78
W23506,Member,2120,10
W23102,Member,3630,22
W00872,Member,1716,6
W24110,Member,67416,106
W00700,Member,8874,51
W23872,Member,104380,85
W20027,Member,34380,45
W22823,Member,33012,28
W01246,Member,69454,77
W00546,Member,44696,37
W21532,Member,40704,48
W23067,Member,23088,26
W24097,Member,5530,14
W20711,Member,16558,34
W22122,Member,18160,40
W21736,Member,69936,48
W20530,Member,70092,36
W22970,Member,19125,25
W01018,Member,12850,50
W00597,Member,7632,24
W20744,Member,19488,29
W22042,Member,2520,9
W22761,Member,53816,62
W23699,Member,57591,79
W23354,Member,129086,86
W23736,Member,20475,91
W22252,Member,59532,44
W00011,Member,24750,22
W20180,Member,21428,44
W00190,Member,14472,18
W22189,Member,46410,39
W22109,Member,77128,62
W22305,Member,3132,9
W22379,Member,8494,31
W01262,Member,1320,11
W00961,Member,18236,47
70004,Member,32976,144
W22647,Member,13950,45
W23503,Member,58751,109
W00543,Member,3302,13
W01239,Member,31779,27
W21266,Member,23488,32
W21262,Member,10176,16
W23625,Member,91390,95
W01408,Member,66045,51
W00501,Member,21756,42
W23330,Member,32640,30
W23647,Member,22704,48
W23834,Member,76500,85
W22106,Member,31995,45
W00527,Member,26257,31
W21474,Member,20520,40
W23998,Member,13031,83
W20813,Member,28014,42
W21935,Member,44856,42
W23292,Member,45064,43
W20703,Member,16473,51
W00227,Casual,16616,31
W22301,Casual,6244,7
W23599,Member,40280,106
W22133,Member,3596,4
W20844,Member,5968,16
W20948,Member,23850,30
W01024,Member,16150,34
W00360,Member,55104,42
W24081,Member,70274,82
W21868,Member,9288,27
W22236,Member,27438,34
W21612,Member,665,7
W23655,Member,107642,107
W24099,Member,63222,82
W22879,Member,11730,46
W24005,Member,9823,19
W20585,Member,12772,62
W24028,Member,17155,73
W01053,Member,45864,36
W23488,Member,12084,19
W20234,Member,48960,68
W01159,Member,14630,55
W21888,Member,10428,33
W21981,Member,14417,13
W20399,Member,36015,49
W00699,Member,2982,14
W23857,Member,62708,61
W23569,Member,7920,90
W20582,Member,18574,37
W21507,Member,23694,33
W23027,Member,7161,31
W20525,Member,22380,60
W21977,Member,64218,77
W21305,Member,19600,56
W00548,Member,5148,26
W01405,Member,71102,73
W21081,Member,29904,56
W00175,Member,15920,40
W23332,Member,10240,40
W23253,Member,31374,54
W21665,Member,27775,25
W22327,Member,11750,25
W21777,Member,78120,93
W23476,Member,38743,53
W21978,Member,51272,52
W21031,Casual,114304,94
W01316,Member,61105,55
W23382,Member,15170,37
W22944,Member,3276,12
W23920,Member,65538,99
W24039,Member,21457,43
W22041,Member,28444,52
W01425,Member,39442,74
W22242,Member,34320,66
W24098,Member,25023,19
W21786,Member,17974,38
W23248,Member,26190,30
W21999,Member,16896,64
W22596,Member,11676,28
W20619,Member,30342,26
W22606,Member,5750,46
W20512,Member,89623,53
W21437,Member,31990,14
W23611,Member,3949,11
W01456,Member,10206,21
W22339,Member,14170,26
W23746,Member,40052,76
W23449,Member,42780,62
W21782,Member,41406,67
W00014,Member,2589,3
W21901,Member,66440,55
W23140,Member,27864,24
W20888,Member,8164,26
W21728,Member,18375,49
W23934,Member,27951,77
W23966,Member,68524,74
W23549,Member,17400,50
W22184,Member,4180,11
W00878,Member,126793,103
W20691,Member,14973,31
W20376,Member,10200,20
W00181,Member,58316,61
W23909,Member,64155,105
W23086,Member,19517,29
W21354,Member,83736,72
W23059,Member,24752,68
W01465,Member,2166,6
W01065,Member,27651,39
W22225,Member,31179,57
W01350,Member,418528,22
W01123,Member,23030,49
W23729,Member,22605,55
W20163,Member,5829,29
W20063,Member,67592,68
W24166,Member,35088,102
W20610,Member,36792,36
W23602,Member,44289,63
W22699,Member,15624,36
W21549,Member,18792,24
W00245,Member,59787,73
W23076,Member,19197,27
W23258,Member,17640,35
W24051,Member,59373,81
W01424,Member,55131,47
W23850,Member,81696,74
W22604,Member,49980,49
W21835,Member,4136,22
W01134,Member,28200,47
W20332,Member,31482,54
W22457,Member,70686,27
W23863,Member,5508,27
W21116,Member,23103,51
W23532,Member,9384,23
65005,Member,12264,24
W01127,Member,25500,34
W23210,Member,24013,59
W21898,Member,16884,42
W20243,Member,13650,26
W00726,Member,58719,37
W00963,Member,13363,23
W23384,Member,36600,50
W23608,Member,30744,61
W23765,Member,15504,38
W20597,Member,69400,50
W00167,Member,31800,100
W21394,Member,248435,55
W22623,Member,20041,49
W00535,Member,52640,70
W23904,Member,16320,34
W20604,Member,7748,26
W01334,Member,2900,5
W20640,Member,2210,10
W20668,Member,10465,35
W00229,Member,5000,25
W21857,Member,8991,37
W23103,Member,10047,51
W21956,Member,7470,10
W21451,Member,7300,50
W23764,Member,18360,85
W21735,Member,13082,31
W00733,Member,15651,37
W22400,Member,12590,5
W20507,Member,66912,51
W00619,Member,56850,75
W21885,Member,21609,21
W23112,Member,18900,45
W21691,Member,27352,52
W21106,Member,30856,56
W01106,Member,4760,14
W22047,Member,8869,49
W23645,Member,12312,54
W24062,Member,23370,30
W21573,Member,20680,44
W21225,Casual,14587,29
W00598,Member,14526,27
W23839,Member,118771,73
W22572,Member,23835,35
W20627,Member,65220,60
W23137,Member,15022,29
W20477,Member,40020,15
W23546,Member,5797,31
W22786,Member,23994,43
W21634,Member,4227,3
W01363,Member,11928,21
W22894,Member,9557,19
W01417,Member,15057,63
W23785,Member,21838,61
W23555,Member,33930,87
W01401,Member,13572,52
W22294,Member,446100,30
W21215,Casual,5194,14
W21210,Member,17864,44
W22287,Member,50220,93
W23680,Member,1400,8
W22243,Member,1203,3
W00092,Member,10290,35
W22179,Member,5681,23
W20354,Member,90272,52
W01099,Member,12690,47
W23712,Member,39942,63
W00234,Member,10890,33
W01301,Member,8401,31
W20356,Member,15740,20
W00365,Member,12052,46
W22145,Member,32350,50
W21111,Member,35532,42
W20635,Member,11136,24
W24176,Member,35026,83
W22043,Member,21624,51
W21285,Member,18921,17
W20317,Member,36159,51
W00835,Member,44892,36
W23216,Member,20240,44
W00541,Member,54960,60
W01011,Member,13320,90
E00141,Member,147264,156
W22005,Member,107012,62
W21814,Member,10978,22
W22459,Casual,68264,46
W23657,Member,12078,33
W23352,Member,30668,41
W21997,Member,20038,43
W01423,Member,34716,44
W00394,Member,2394,21
W23448,Member,55278,83
W21692,Member,29365,35
W21912,Member,119700,84
W00409,Member,30720,40
W22616,Member,3552,24
W21564,Member,23902,34
W20955,Member,1182,3
W20753,Member,16968,28
W00873,Member,44850,69
W22290,Member,27783,81
W00943,Member,30996,28
W24038,Member,1580,4
W24007,Member,24013,59
W22558,Member,36764,91
W23046,Member,47044,38
W00221,Member,21050,50
W20818,Member,24038,34
W23856,Member,27135,81
W21353,Member,6424,11
W23989,Member,32448,52
W00756,Member,11270,49
W00279,Member,4270,7
W00130,Member,37824,48
W23860,Member,38718,54
W23560,Member,30527,49
W22342,Member,50215,55
W23108,Member,45600,76
W23025,Member,11008,43
W24089,Casual,86784,96
W23892,Member,23166,81
W21694,Casual,32364,36
W21574,Member,77486,86
W24169,Member,21216,78
W23386,Member,40463,43
W21557,Member,15730,55
W21447,Member,7872,41
W23284,Member,24648,24
W00808,Member,28224,49
W00316,Member,39480,70
W20357,Member,25480,70
W21748,Member,14405,67
W22715,Member,10540,31
W01500,Member,6644,11
W24065,Member,59090,38
W21201,Member,41595,59
W20075,Member,4213,11
W00973,Member,20950,50
W21996,Member,14810,10
W24107,Casual,17802,23
W20898,Member,1032,8
W21293,Member,3676,4
W22011,Member,11160,30
W23015,Member,8960,28
W23730,Member,73988,106
W23847,Member,56940,78
W00945,Member,4125,15
W20157,Member,14400,15
W23753,Member,17324,71
W21610,Member,20760,30
W23180,Member,11340,21
W21318,Member,13447,17
W01309,Member,4788,9
W20384,Member,8593,13
W21433,Member,9217,13
W00293,Member,6417,9
W01216,Member,5848,8
W22935,Member,27434,22
W23410,Member,76461,77
W00885,Member,17546,62
W23159,Member,25631,71
W20489,Member,2431,13
W24092,Member,81003,67
W22007,Member,19386,54
W22562,Member,23275,49
W23893,Member,44859,57
W00821,Member,17775,45
W23313,Member,4865,35
W00485,Member,20910,30
W21063,Member,2245,5
W24000,Member,53799,79
W23616,Member,38304,96
W00195,Member,20859,51
W20370,Member,33500,50
W01237,Member,33028,46
W23573,Member,30600,68
W23725,Member,31372,62
W22254,Member,6832,14
W01197,Member,27744,48
W22198,Member,11680,20
W20052,Member,4199,17
W20924,Member,30825,75
W22924,Member,338850,45
W01260,Member,15792,56
W22757,Member,10080,30
W21408,Member,30805,61
W00838,Member,10240,40
W23411,Member,11844,18
W01479,Member,54094,74
W22770,Member,22560,60
W23754,Member,25885,31
W21824,Member,77840,80
W23585,Member,54315,85
W01448,Member,13884,39
W21570,Member,4041,9
W24033,Member,56394,78
W20318,Member,11020,38
W23586,Member,77028,98
W00688,Member,9675,43
W00664,Member,2574,13
W20076,Member,21385,47
W20420,Member,4389,11
W21172,Member,56592,36
W21035,Member,17458,43
W22097,Member,61605,45
W01025,Member,24319,83
W20074,Member,12144,46
W23388,Member,11096,19
W00027,Member,14922,18
W20457,Member,1053,9
W20976,Member,56376,72
W23606,Member,171456,96
W21119,Member,11140,20
W00925,Member,36452,52
W21254,Member,9126,27
W20130,Member,4264,13
W21253,Member,14220,30
W23577,Member,53352,76
W00248,Member,31059,87
W22973,Member,38766,39
W23032,Member,31314,51
W21382,Member,11280,30
W23563,Member,51775,109
W24027,Member,52050,75
W20095,Member,35836,34
W20060,Member,11223,43
W22854,Member,15700,25
W00403,Casual,115290,63
W23939,Member,56763,63
W00831,Member,89441,47
W21518,Member,59495,73
W00695,Member,18048,48
W01049,Member,66272,76
W23486,Member,85316,77
W23377,Member,7700,44
W00265,Member,20064,48
W01324,Member,25676,28
W00276,Member,15979,29
W20228,Member,19342,38
W22398,Member,34191,29
W22196,Member,8964,36
W23264,Member,21394,38
W00556,Member,9834,33
W24064,Member,61985,115
W23943,Member,70910,70
W23890,Member,64294,61
W00672,Member,35952,56
W21019,Member,14790,51
W21015,Member,86549,71
W00105,Member,17023,29
W01477,Member,32472,33
W21411,Member,48818,77
W21380,Member,72513,63
W21241,Member,34892,52
W22099,Member,14014,26
W20784,Member,912,3
W00183,Member,27675,41
W22534,Member,25200,56
W22428,Member,5796,46
W00191,Member,28640,32
W00678,Member,26120,20
W01032,Member,84924,42
W24020,Member,4732,13
W00898,Member,47652,44
W00964,Member,17685,27
W21232,Member,52890,86
W21644,Member,19947,61
W23062,Member,3612,12
W00493,Member,5020,20
W22860,Member,32674,31
W21702,Member,3300,44
W21708,Member,5824,32
W24029,Member,52788,83
W22834,Member,3465,15
W21312,Member,3360,21
W23767,Member,19910,55
W22171,Member,6021,27
W23717,Member,201,1
W20468,Member,8000,20
W21094,Member,31620,68
W22617,Member,10764,36
W23705,Member,120120,88
W22285,Member,3664,16
W22913,Member,18821,29
W00751,Member,41480,61
W01165,Member,14314,34
W01439,Member,1572,12
E00139,Member,162140,134
W22374,Member,14578,37
W22455,Member,22575,43
W00594,Member,2012,4
W23052,Member,12336,16
W01030,Member,14282,37
W00454,Member,17598,21
W22014,Member,19698,42
W20245,Member,9966,22
W22069,Member,9570,29
W00803,Member,27720,45
W21366,Member,25550,25
W22751,Member,34220,20
W21216,Member,91080,72
W01357,Member,68076,61
W23649,Member,16300,100
W20183,Member,306264,24
W23450,Member,16704,29
W20696,Member,14823,27
W21056,Member,9672,24
W23168,Member,23240,56
W24018,Member,120384,16
W00628,Member,15496,26
W00228,Casual,1765,5
W20264,Member,20094,51
W01393,Member,88102,62
W21373,Member,12432,74
W20040,Member,9088,32
W01063,Member,7224,28
W00840,Member,12903,17
W23761,Member,15840,80
W20478,Member,41340,53
W01466,Member,14233,43
W22622,Member,8138,26
W22053,Member,11445,35
W01232,Member,22755,37
W23401,Member,58116,58
W00310,Member,6075,15
W20762,Member,1524,3
W21288,Member,27585,45
W00173,Member,14335,61
W21847,Member,31409,49
W20391,Member,15736,28
W22611,Member,32654,58
W01480,Member,11925,25
W21190,Casual,155040,38
W21022,Casual,171732,44
W00637,Casual,119567,31
W22579,Member,35832,24
W21230,Member,1260,6
W21642,Member,22600,20
W23684,Member,75970,107
W23162,Member,3200,8
W22731,Member,32560,74
W24061,Member,46368,96
W20368,Member,20767,19
W20430,Member,25172,29
W21238,Member,11790,30
W20385,Member,8060,20
W21250,Member,6534,22
W21779,Member,27676,37
W00565,Member,17484,62
W00153,Member,22616,44
W20615,Member,35326,34
W21126,Member,7897,53
W23478,Member,17284,116
W00134,Member,50232,46
W23704,Member,40664,68
W20947,Member,12780,30
W22260,Casual,5048,4
W20523,Member,11176,44
W21815,Member,12084,38
W20311,Member,53640,36
W21770,Member,8288,7
W22873,Member,26100,87
W24044,Member,8352,36
W21625,Member,10560,24
65012,Member,33350,25
W22064,Member,26136,27
W01361,Member,5600,50
W01234,Member,39060,31
W00406,Member,22224,48
W23517,Casual,75516,87
E00093,Member,3943040,160
W01218,Member,2808,9
W22664,Member,9108,33
W24160,Member,7436,44
W22851,Member,15910,37
W21391,Member,20502,51
W01001,Member,10836,36
W21369,Member,12608,32
W23021,Member,17487,67
W23333,Member,42360,60
W23819,Member,41663,61
W20825,Member,16530,58
W22407,Member,27000,25
W00679,Member,23550,50
W01139,Member,67008,12
W01367,Member,13128,24
W21406,Member,7300,50
W23755,Member,83500,100
W23432,Member,28982,43
W22586,Member,13265,35
W21488,Member,16236,36
W22170,Member,61425,75
W23235,Member,25280,40
W00177,Member,5655,13
W22741,Member,7980,30
W20824,Member,20615,35
W23837,Member,49468,83
W21249,Member,9036,18
W20123,Member,6432,24
W21078,Casual,58890,39
W21829,Member,42237,39
W00063,Member,8832,23
W23128,Member,29610,45
W20568,Member,17580,60
W00689,Member,38148,34
W20827,Member,29568,42
W23693,Member,38522,103
W24041,Member,3382,19
W20328,Member,17444,28
W20166,Member,16709,49
65043,Member,50910,30
W21630,Member,27378,27
W20621,Member,27612,52
W24001,Member,24624,76
W22380,Member,35518,59
W22548,Member,73150,38
W00126,Member,20938,29
W21315,Member,56394,78
W20662,Member,14344,22
W24056,Member,104900,100
W21587,Member,8030,22
W01468,Member,49040,80
W00601,Member,39550,50
W00979,Member,2220,6
W01000,Member,42856,44
W22480,Member,100980,60
W23768,Member,99014,62
W20303,Member,12805,65
W22410,Member,38320,40
W20566,Member,46904,52
W21300,Member,47520,60
W01432,Member,30440,40
W22102,Member,48555,83
W22279,Member,17675,25
W23489,Member,13845,71
W01375,Member,13630,58
W21029,Member,14905,55
W21153,Member,54375,87
W24086,Member,34356,84
W20140,Member,47574,54
W23016,Member,10980,60
W22315,Member,23744,64
W23983,Member,35113,73
W23640,Member,67550,70
W21943,Member,135235,37
W22293,Member,2967,3
W23072,Member,27594,63
W00569,Member,8766,9
W23433,Member,83025,75
W00083,Member,138827,59
W21666,Member,41376,32
W20747,Member,27002,23
W24068,Member,25853,103
W01330,Member,11562,41
W00632,Member,44595,45
W23580,Member,2088,12
W20266,Member,43834,62
W21412,Member,33366,83
W00260,Member,508341,29
W21892,Member,17542,14
W23885,Member,30159,27
W23835,Member,34188,84
W22713,Member,1860,10
W22917,Casual,5076,12
W22756,Member,53341,41
W21972,Member,24667,17
W23777,Member,46314,93
W21187,Member,8910,33
W23300,Member,38800,100
W23734,Member,49973,77
W21590,Member,37037,91
W22809,Member,6685,35
W24025,Member,37637,61
W20548,Member,10366,71
W00845,Member,28386,38
W23900,Member,20240,16
W20006,Member,4352,34
W00607,Member,21204,38
W00110,Member,3010,5
W01140,Member,14326,38
W20502,Member,14872,11
W20958,Member,40878,54
W22250,Member,8975,25
W22919,Member,5777,53
W22951,Member,1568,7
W22499,Member,16764,44
W20796,Member,35989,73
W22869,Member,26037,33
W01430,Member,11026,37
W00151,Member,20780,20
W23918,Member,74836,106
W20717,Member,37338,42
W20050,Member,33972,76
W21803,Member,28688,44
W23315,Member,9486,34
W23197,Member,23673,39
W22357,Member,15776,34
W23545,Member,81984,84
W21753,Member,70643,41
W01284,Member,4719,33
W22405,Member,14580,36
W00595,Member,4444,11
W00933,Member,10696,28
W23969,Member,15466,74
W21581,Member,15392,52
W01016,Casual,52428,34
W21730,Member,18340,28
W20281,Member,37200,75
W21792,Member,21440,32
W01483,Member,19018,37
W24159,Member,67235,85
W23986,Member,13146,42
W23875,Member,21148,68
W20724,Member,115433,89
W24067,Member,705920,80
W23053,Member,5363,31
W20154,Casual,59668,28
W24163,Member,12714,26
W21235,Member,21360,40
W23993,Member,23142,57
W23293,Casual,63656,73
W22411,Casual,12987,27
W23534,Member,30772,28
W20904,Member,46578,42
W24071,Member,27936,36
W00256,Member,2547,9
W00032,Casual,57036,42
W22856,Member,9074,26
W01059,Member,21242,26
W20167,Member,18172,44
W01255,Member,15888,16
W22889,Member,64638,54
W22313,Member,15652,28
W21510,Member,20349,51
W22063,Member,5542,34
70079,Member,80560,80
W20151,Member,17982,54
W24055,Member,116856,72
W20930,Member,40503,69
W21365,Member,100680,40
W21426,Member,59100,50
W20612,Member,16500,11
W00652,Member,12936,28
W20719,Casual,29976,24
W22841,Casual,51240,42
W00914,Member,11387,59
W21053,Member,44802,38
W22155,Member,16887,39
W00200,Member,13002,33
W23724,Member,6060,6
W23138,Member,68750,55
W20211,Member,8946,18
W01458,Casual,7470,15
W01178,Member,100324,28
W24060,Member,19968,26
W22033,Member,55601,47
W22651,Member,40320,56
W24049,Member,29028,82
W20725,Casual,80868,23
W23542,Member,70110,95
W21138,Member,65658,62
W22701,Member,6321,43
W20968,Member,7752,8
W22349,Member,32766,43
W24153,Member,53821,107
W22214,Member,28764,47
W00849,Member,31655,65
W00329,Member,49920,64
W23952,Member,76798,86
70159,Member,4738,46
W20492,Member,35600,40
W23843,Member,498824,46
W00343,Member,16356,47
W23325,Member,50080,80
W20830,Member,9855,27
W00841,Member,24256,32
W21484,Member,16537,23
W00540,Member,9126,18
W23758,Casual,84040,88
W00659,Casual,253044,66
W22627,Member,50832,36
W00267,Member,67056,48
W21039,Member,22506,31
W21142,Member,42240,44
W01481,Member,53808,59
W21550,Member,37666,74
W22721,Member,18966,58
W00942,Member,24180,31
W00991,Member,31080,40
W20401,Member,59569,71
W01143,Member,141547,73
W22168,Member,2010,10
W24087,Member,14234,22
W00147,Member,11112,8
W23635,Member,49952,56
W20275,Member,1700,5
W23045,Member,42897,79
W20443,Casual,21494,11
W24096,Member,48024,87
W00321,Member,4275,25
W24121,Member,22236,102
W00902,Casual,190100,50
70151,Member,2588,2
W00965,Member,26108,61
W21670,Member,6808,37
W23781,Member,80444,68
W01497,Member,3472,7
W22934,Member,19110,39
W01411,Casual,28658,23
W00636,Casual,27830,23
W23773,Member,135041,83
W20090,Member,11749,31
W23242,Member,78988,13
W21807,Member,5950,14
W21620,Member,52608,32
W20053,Member,10416,21
W22261,Member,26904,59
W20913,Member,11795,35
W20208,Member,10290,30
W23065,Member,16100,35
W22849,Member,24804,39
W22885,Member,10879,43
W20065,Member,10489,17
W23098,Member,2898,14
W23852,Member,7910,35
W24117,Member,108814,82
W20199,Member,5768,14
W01251,Member,28576,47
W00220,Member,1647,9
W22235,Member,16926,21
W00683,Member,8160,34
W20039,Member,5994,18
W20072,Member,125100,75
W24154,Member,43498,91
W21247,Member,16870,35
W20019,Member,46899,27
W01208,Member,57720,74
W20004,Member,16992,24
W00196,Casual,27588,33
W00589,Member,60280,40
W20032,Member,11186,34
W21896,Casual,19200,12
W21058,Member,65734,46
W20603,Member,100749,71
W23787,Member,57380,76
W00861,Casual,11036,31
W24124,Member,19943,77
W01498,Member,5952,16
W23114,Member,29222,38
W20331,Member,37444,44
W00149,Member,10720,40
W00317,Member,12960,32
W22521,Member,35868,42
W20554,Member,12397,77
65033,Member,151060,182
W00230,Member,6384,21
W21726,Member,147679,73
W01252,Member,55760,41
W23565,Member,56610,74
W20369,Member,44550,15
W00900,Member,15288,52
W22492,Casual,52669,31
W22131,Member,32346,54
W22227,Member,65136,59
W22465,Member,34080,48
W00986,Casual,32528,19
W23600,Member,25020,60
W24083,Member,41976,53
W21219,Member,48060,45
W21501,Member,16767,27
W22908,Member,13878,27
W21525,Member,11528,8
W23154,Member,7449,39
W20695,Member,3110,10
W22780,Member,25200,56
W21974,Casual,63336,91
W00400,Member,16066,29
W20327,Member,27084,37
W00941,Casual,27470,41
W21476,Member,8149,29
W22737,Member,37450,70
W01344,Member,46767,51
W21950,Member,21840,52
W00910,Casual,23220,27
W21049,Member,12238,29
W24094,Member,43616,29
W21356,Member,7750,10
W00752,Member,11136,32
W22460,Member,56474,34
W00488,Member,38784,64
W23581,Member,7196,28
W21542,Member,36856,34
W00519,Member,30464,64
W22385,Member,12351,23
W23136,Casual,32293,43
W01128,Member,17040,71
W21157,Member,12495,35
W20802,Member,44484,33
W21299,Member,5193,9
W23251,Member,18900,50
W21948,Member,63040,64
W23351,Member,32923,41
W20240,Member,19805,85
W22444,Casual,97735,55
W01412,Casual,36200,25
W21045,Member,5805,15
W22728,Member,27936,97
W23933,Casual,722560,64
W00203,Casual,3179436,39
W22804,Casual,87360,40
W01052,Member,91800,85
W23229,Member,106108,82
W21636,Member,16851,41
W23780,Member,16947,21
W21309,Member,19608,24
W23037,Casual,67266,37
W22377,Member,71324,44
W20708,Casual,73002,46
W21289,Member,250608,92
W22264,Member,25296,48
W00999,Member,15516,36
W21918,Casual,44560,40
W22216,Casual,27104,16
W23359,Casual,54612,36
W23854,Member,25978,62
W01257,Member,467038,26
W00982,Member,5712,8
W20681,Member,2070,6
W21618,Member,42462,42
W21189,Member,19642,46
W21060,Member,21210,35
W01347,Member,18436,11
W23119,Casual,4607,17
W01267,Member,4416,32
W20651,Member,9594,39
W23818,Member,32224,76
W00205,Casual,6945,3
W22672,Member,29845,47
W00326,Member,3564,4
W22088,Member,22644,37
W22123,Member,30743,71
W23079,Casual,18504,24
W22408,Casual,39480,56
W00843,Casual,27840,40
W22605,Casual,487312,38
W22693,Casual,34128,54
W01040,Member,21060,60
W23898,Casual,64675,65
W23646,Casual,45264,46
W21381,Casual,69540,57
W21967,Member,12025,37
W23399,Member,44388,36
W24093,Member,12428,26
W23520,Member,180042,111
W22190,Member,40344,41
W23891,Casual,56376,87
W23752,Member,71710,71
W01396,Member,6026,46
E00043,Member,66177,43
W22481,Member,9918,58
W20605,Member,8786,46
W00691,Member,42816,64
W20358,Member,22015,35
W00709,Member,20416,58
W20145,Member,7446,51
W21953,Member,50523,33
W20141,Member,8364,34
W20911,Casual,56315,35
W00694,Member,78400,80
W22062,Member,32436,51
W00583,Casual,55860,42
W00440,Member,16309,47
W21023,Member,2506,7
W20098,Member,38792,26
W00996,Member,69089,59
W22371,Member,15096,12
W20416,Member,44064,36
W23365,Member,2798,2
W20720,Member,57460,52
W23794,Member,166848,132
W22144,Member,33306,91
W20979,Member,2502,2
W20551,Member,15694,59
W00315,Casual,83076,46
W23097,Casual,95634,54
W00832,Member,39006,66
W21940,Member,3060,18
65009,Member,22100,85
W22559,Casual,17620,10
W23982,Member,28726,106
W22910,Member,50304,48
W00850,Member,20239,37
W20614,Member,9843,51
W23204,Member,49420,14
W23055,Casual,178990,35
W00882,Casual,203520,40
W22354,Member,4853,23
W23814,Member,52404,33
W24103,Member,114130,113
W23547,Member,15822,54
W23639,Member,14927,23
W23800,Member,10693,17
W21931,Member,41552,28
W23979,Member,13803,43
W23960,Casual,72108,18
W22629,Member,43212,39
W22072,Member,89952,48
W24088,Casual,55500,75
W20381,Member,84102,1
W00358,Member,32604,19
W22071,Member,12528,54
W21438,Member,11568,48
W00068,Casual,13869,23
W00140,Member,29440,40
W21899,Member,33705,35
W20702,Casual,201555,45
W01153,Member,8250,33
W22753,Member,8206,22
W21340,Member,19845,21
W22050,Member,142720,64
W01037,Member,10672,29
W20198,Member,285312,48
W20364,Member,41354,62
W24123,Member,5060,11
W00314,Member,286,1
W00858,Member,14226,6
W00357,Member,107100,70
W22497,Member,102116,49
W23815,Member,37884,77
W21196,Member,58500,60
W23951,Member,23180,38
W23914,Member,26980,71
W20219,Casual,95160,60
W23630,Member,48412,91
W00949,Member,18400,32
W20730,Member,17777,29
W20729,Member,16470,15
W20994,Member,26486,41
W21664,Member,12488,7
W23104,Casual,16454,19
W23507,Member,121836,66
W00213,Member,28050,22
W23321,Member,75852,84
W20700,Member,4335,17
W23666,Member,1728,3
W01391,Member,46721,19
W21637,Member,17671,41
W21983,Member,16182,31
W22330,Casual,32190,30
W23786,Member,13208,52
W23766,Member,49203,77
W20559,Member,49212,36
W23822,Member,17457,69
W21668,Member,17472,56
W23917,Member,25234,62
W23910,Member,26535,61
W21065,Member,30530,71
W21357,Member,83378,47
W21971,Member,95592,56
W23988,Casual,50904,72
W00351,Casual,100320,44
W22402,Member,3162,17
W20223,Member,35568,52
W00244,Member,10608,48
W21598,Casual,428218,73
W00337,Casual,211212,36
W00507,Member,18116,28
W24119,Member,38019,69
W20087,Casual,39990,30
W22412,Member,3705,19
W00630,Member,9415,35
W00075,Member,2024,11
W24161,Casual,93160,85
W20570,Member,5586,49
W21335,Member,8600,25
W01098,Member,67158,82
W00554,Member,69445,85
W23790,Member,662316,97
W21528,Member,15760,40
W21980,Member,36168,33
E00073,Member,21620,92
W22456,Member,19502,49
W00030,Member,66143,77
W24171,Member,259632,72
W24031,Member,234108,63
W01416,Member,952,2
W24070,Member,59541,89
W23903,Member,260496,72
W24050,Member,17616,24
W20984,Member,4992,24
W01152,Member,42522,38
W23362,Member,70740,54
W20250,Member,6420,20
W21224,Member,24800,40
W23844,Member,49749,69
W20162,Member,4048,16
W24079,Member,57904,88
W00432,Member,13590,45
W22899,Member,5312,32
W20099,Member,21636,36
W21139,Casual,13360,16
W00082,Casual,36482,37
W20501,Casual,29145,29
W20963,Member,96070,65
W00186,Member,17220,28
W23491,Member,23352,56
W22018,Member,24939,17
W21304,Member,2982,14
W20321,Member,2928,12
W20656,Member,3948,7
W00477,Casual,94500,75
W00616,Member,51120,15
W00665,Casual,74163,59
W20189,Casual,19712,14
W20939,Member,7616,56
W01189,Casual,11616,12
W21458,Member,37800,50
W22370,Casual,93555,55
W23751,Member,71600,80
W23714,Member,65475,75
W21017,Member,6000,24
W20132,Casual,42572,29
W21068,Member,31160,40
W20336,Casual,15520,16
W20571,Member,60354,63
W21866,Member,15204,42
W21186,Member,28161,63
W00170,Casual,110097,39
W22861,Casual,55844,46
W23526,Member,25130,70
W00345,Member,6909,49
W23273,Casual,149950,50
W01446,Casual,61522,19
W22413,Casual,32406,33
W23601,Member,34572,86
W23728,Casual,111090,35
W20709,Casual,69180,60
W22923,Member,9700,25
W01270,Member,65890,55
W22585,Casual,51352,49
W20348,Member,37316,38
W23544,Casual,29250,50
W21436,Member,21046,17
W01172,Casual,4296,8
W22832,Member,69727,49
W21804,Member,2112,6
W23227,Casual,85800,44
W01120,Member,13317,23
W22181,Member,3408,6
W20402,Member,73010,70
W24057,Member,40324,68
W00231,Member,40918,41
W20160,Member,488,2
W22092,Member,63848,46
W01105,Member,10352,16
W22346,Member,6890,13
W20677,Member,4240,20
W01207,Member,64935,39
W22358,Casual,43010,46
W22128,Member,13021,29
W21082,Member,11180,20
W22665,Member,24969,41
W00600,Member,44070,26
W22724,Member,40832,44
W20067,Casual,38845,17
W00352,Casual,18064,8
W20675,Member,24920,35
W22945,Member,20560,16
W21509,Member,41882,43
W01380,Member,37638,41
W23357,Member,64376,52
W00862,Member,23496,44
W24014,Member,9600,25
W20535,Member,17690,58
W23369,Member,69936,93
W00373,Member,84492,36
W00796,Member,1948,2
W23502,Member,67431,91
W23464,Member,43852,76
W20513,Casual,40136,29
W23000,Member,27378,54
W23806,Member,13936,104
W23295,Member,62094,79
W23177,Member,22032,36
W24113,Member,13724,47
W01108,Casual,90816,44
W22880,Member,756,2
W23117,Member,1469,13
W20500,Member,30970,38
W24137,Member,52762,62
E00062,Member,37170,126
W01215,Member,16884,21
W00533,Member,20306,11
W22694,Member,39208,26
W23200,Member,16214,22
W22280,Member,12474,22
W21441,Member,30645,27
W23288,Member,24759,63
W00226,Member,9250,37
W22853,Member,31024,56
W20142,Casual,22775,25
W20146,Member,10904,58
W00692,Member,17043,13
W24080,Member,8804,71
W20041,Casual,12750,10
W22653,Member,44840,40
W20374,Member,45724,92
W24010,Member,8774,82
W01272,Casual,2236,2
W00545,Member,12980,55
W20517,Member,31356,52
W00374,Member,20130,33
W22220,Member,25114,29
W23869,Member,55016,104
W24022,Member,84548,92
W01266,Member,64310,59
W21077,Member,93541,49
W21798,Member,150556,76
W22263,Member,9344,32
W20861,Member,7980,28
W21018,Member,17160,24
W20105,Member,16170,55
W20899,Member,35640,36
W22634,Member,28992,48
W23145,Member,118910,55
W00384,Member,9548,11
W23311,Member,8360,20
W21320,Member,10962,27
W00201,Member,2114,7
W21568,Member,53193,51
W00499,Member,34092,36
W23873,Member,34056,86
W23741,Member,63456,96
W21036,Member,56448,63
W21409,Casual,39130,43
W00702,Member,14800,20
W23175,Member,36810,90
W00742,Member,42458,46
W21222,Member,12480,52
W20439,Member,87078,69
W00903,Member,1728,4
W21732,Member,19136,23
W22806,Casual,38850,50
W22295,Member,8155,35
W21864,Member,13760,32
W20934,Member,7770,5
W23331,Member,16968,84
W22875,Member,29900,50
W23669,Member,126920,76
W00208,Casual,35192,53
W00361,Casual,37634,62
W20848,Casual,22386,41
W22495,Casual,18190,34
W20916,Member,20655,45
W20565,Member,13020,14
W20698,Casual,16960,32
W23409,Member,2084,4
W01341,Member,45430,35
W23008,Casual,57252,39
W22921,Member,13386,46
W24108,Member,39045,95
W22124,Member,6424,44
W21860,Member,6325,23
W22632,Member,22295,49
W22846,Member,36278,34
W22644,Member,23205,85
W21582,Member,11956,49
W20433,Member,16678,31
W00308,Member,18090,45
W21775,Member,19964,46
W21280,Member,10146,19
W20809,Member,27993,43
W00763,Member,634,2
W21613,Casual,31021,67
W22307,Member,8580,20
W20462,Member,9963,41
W22754,Member,20536,34
W21609,Member,740,5
W20553,Member,62530,65
W22977,Member,22724,46
W21120,Member,18848,31
W00319,Member,18762,53
W22793,Member,5250,25
W22239,Member,4560,30
W20520,Member,74648,56
W23230,Member,1211,7
W01275,Casual,55152,72
W21200,Member,11237,17
W22678,Member,33448,37
W22798,Member,18538,46
W20419,Member,3600,45
W01378,Casual,21640,20
W20842,Member,17999,41
W01285,Member,3820,10
W21874,Member,33957,49
W24118,Member,77112,102
W22528,Member,25056,48
W21403,Casual,33740,14
W21461,Member,6794,79
W20687,Member,4816,7
W21955,Member,2673,11
W24157,Member,36736,64
W23003,Member,26620,44
W23888,Member,15580,82
W01110,Member,9510,15
W20021,Member,48064,32
W20221,Member,684,4
W01333,Casual,36616,23
W21806,Member,69832,56
W22441,Member,8240,40
W21021,Member,39690,35
W00412,Casual,2384994,57
W21131,Member,22528,44
W20056,Member,8580,11
W20921,Casual,27066,39
W20035,Casual,10887,19
W23146,Member,5472,24
W20329,Member,42355,43
W23289,Member,23382,54
W20015,Member,2431,11
W23636,Casual,17780,70
W20007,Member,8640,36
W24017,Member,21567,79
W23615,Member,18584,92
W20460,Member,11222,62
W23451,Member,13101,33
W00410,Casual,19300,50
W01194,Member,25404,29
W00388,Member,4228,28
W20870,Member,4248,12
W20923,Member,27612,52
W23100,Member,6076,7
W24021,Member,64250,125
W23667,Member,22618,86
W01191,Member,19765,67
W21877,Member,13986,27
W00129,Member,43176,28
W22057,Member,35685,61
W23500,Member,209466,54
W00729,Member,35832,2
W21873,Member,7590,46
W00793,Casual,5000,10
W20599,Member,5094,18
W20865,Member,48828,78
W20902,Member,44100,36
W01092,Member,1190,7
W22108,Member,21483,33
W22864,Member,71361,27
W23268,Member,22402,46
W22277,Member,26290,55
W21606,Member,24870,30
W22417,Member,3570,42
W20426,Member,36572,82
W21731,Member,16580,20
W21773,Member,105524,62
W21830,Member,18095,35
W21431,Member,12441,39
W00065,Member,40392,54
W22141,Member,18317,13
W23211,Member,21504,42
W00955,Member,80886,61
W22863,Member,13200,40
W22560,Member,5504,43
W22649,Member,7486,19
W20353,Member,5453,19
W01168,Member,11718,54
W21477,Member,22230,19
W22282,Member,43981,61
W23735,Member,40680,72
W01042,Member,6834,17
W00690,Member,30832,41
W22621,Member,42471,33
W20591,Member,9196,38
W23778,Member,13524,84
W23368,Casual,66000,44
W00157,Member,25680,30
W20544,Member,5697,9
W23634,Member,77251,67
W01454,Casual,42003,13
W22903,Member,16704,36
W00334,Member,16320,34
W23461,Member,28535,65
W00353,Member,10395,45
W22153,Member,21115,41
W23925,Member,14800,74
W23099,Member,33115,37
W20876,Member,14310,54
W20960,Member,44310,30
W00714,Member,9703,31
W20232,Member,9823,47
W22420,Member,8772,51
W23559,Member,9112,34
W23225,Member,32852,43
W23981,Member,56088,82
W22068,Member,26738,58
W00617,Member,2824,8
W23799,Casual,108170,29
W00826,Member,5434,22
W20247,Member,22594,79
W23195,Member,36180,36
W21349,Member,64746,66
W00021,Member,14790,34
W20106,Member,25740,44
W22101,Member,47383,49
W23205,Member,30184,77
W00449,Member,2448,6
W20469,Member,78986,73
W20892,Member,1968,24
W21156,Member,10849,19
W20342,Member,3724,19
W23435,Member,28386,57
W22526,Member,24738,31
W23457,Member,11704,56
W21738,Member,13839,3
W21852,Member,18360,24
W00515,Member,56823,47
W01281,Casual,124920,30
W20840,Member,3670,2
W23686,Member,93483,51
W00585,Member,5790,5
W23226,Member,25440,60
W00684,Casual,34128,24
W00738,Member,46032,42
W00908,Casual,18278,13
W24019,Member,52644,82
W23690,Member,66236,116
W20390,Member,7704,36
W22677,Member,23436,54
65038,Member,4990,5
W01325,Member,8877,33
W00516,Member,15855,35
W23277,Member,64362,51
W21188,Casual,2687,1
W23453,Member,71022,57
W23279,Member,6030,9
W00987,Member,26730,45
W21908,Member,33175,25
W21645,Member,72312,12
W23953,Member,7882560,92
W00815,Member,6930,42
W01383,Member,35100,30
W21741,Member,16884,14
W22152,Member,8801,13
W23349,Member,103922,91
W21884,Member,72822,53
W21791,Member,44854,82
W23151,Casual,93400,20
W23353,Member,54756,39
W21223,Member,848,4
W22571,Member,32402,34
W21337,Member,56840,70
W22352,Casual,81396,38
W23326,Member,7900,20
W23270,Member,9828,26
W20435,Member,20046,39
W22905,Member,5688,72
W22587,Member,24242,23
W22533,Casual,38580,20
W23400,Member,30378,83
W23578,Member,20808,34
W23587,Member,63480,92
W22569,Member,8584,29
W22031,Member,5625,15
W01365,Casual,51740,52
W21364,Member,4572,36
W20274,Member,26424,72
E00138,Member,25344,96
W24145,Member,30300,101
W00810,Casual,31255,19
W21252,Member,7416,9
W20278,Casual,81325,25
W23571,Member,88800,96
W20268,Member,25145,47
W20959,Member,50540,38
W01457,Member,3564,33
W21631,Casual,104676,39
W21265,Member,25235,35
W22646,Member,36850,50
W01296,Member,25784,44
W22219,Member,2444,26
W22733,Member,48090,35
W21856,Member,93870,70
W20652,Casual,7250,25
W23445,Casual,44235,45
W21343,Member,38532,39
W20440,Member,5376,21
W00685,Member,38403,51
W22518,Member,5712,28
W01154,Casual,35650,62
W20290,Member,15174,18
W21432,Member,23705,55
W00980,Member,16530,29
W23425,Member,13410,45
W20686,Member,24080,40
W22021,Member,12411,21
W22643,Member,1981,7
E00094,Member,36519,21
W22269,Member,74025,47
W01496,Member,16765,35
W22546,Member,11894,38
W01055,Member,9780,20
W20688,Member,23667,23
W22781,Member,14616,63
W21227,Casual,101080,56
W21739,Casual,52368,24
W23133,Member,18988,47
W20244,Casual,10269,7
W23687,Member,15830,10
W24101,Casual,599280,60
W22475,Member,38736,24
W21242,Member,1618,2
W21928,Member,28056,28
W22056,Member,26620,44
W00644,Casual,668,1
W20758,Member,62522,43
W21916,Member,10696,56
W23430,Casual,107632,62
W24126,Member,4522,7
W21376,Member,29172,34
W20389,Member,6728,29
W01452,Member,9690,51
W00789,Casual,12270,30
W22248,Casual,185220,18
W23965,Casual,430200,100
W23672,Member,20145,85
W23541,Member,98136,116
W23821,Member,1180,4
W21695,Member,31680,44
W23550,Member,130189,101
W21303,Member,30736,68
W23446,Member,98714,77
W00381,Member,13498,34
W01315,Member,5820,12
W00881,Member,68992,56
W23737,Member,75096,63
W22768,Member,8316,22
W24053,Member,25002,27
W00451,Member,5292,9
W21351,Member,38860,67
W20683,Member,5400,60
W22271,Member,97152,48
W22838,Member,7592,8
W22197,Member,36750,21
W21296,Member,41184,39
W22174,Member,14634,54
W20792,Member,71868,53
W23487,Member,12492,9
W00869,Member,39353,29
W23868,Member,159275,115
W00596,Casual,86574,47
W01114,Member,18538,23
W01182,Casual,23100,50
W23161,Casual,391989,39
W21589,Member,28512,44
W21765,Casual,39040,40
W22993,Member,6650,25
W01005,Member,1430,22
W23455,Member,7380,41
W00622,Member,4428,54
W21690,Member,6528,34
W00078,Member,10933,29
W01444,Casual,67338,54
W21013,Member,29260,44
W23620,Member,20064,32
W20765,Member,31200,32
W00867,Member,12576,24
W23143,Member,8217,11
W22948,Casual,53298,42
W23610,Member,12348,36
W23186,Member,1792,4
W23120,Casual,44979,33
W21689,Member,35620,65
W22829,Member,11477,23
W23962,Member,54782,43
W22792,Member,8379,19
W22259,Member,12056,22
W00802,Member,9720,30
W21444,Member,15221,31
W22404,Member,9890,46
W00138,Casual,71072,32
W00956,Member,24771,69
W23652,Casual,104256,64
W20775,Member,15718,29
W22542,Member,12810,42
W00123,Member,11100,25
W21383,Member,11907,21
W00579,Member,65482,58
W22916,Member,12805,13
W20197,Member,16488,24
W22783,Member,22815,27
W21701,Member,97048,56
W23261,Member,43680,78
W24140,Member,86976,96
W21563,Member,10008,24
W20270,Member,293826,26
W21286,Member,225620,20
W23673,Member,22372,94
W22883,Member,28515,15
W20826,Member,90048,24
W00278,Member,1328,2
W22154,Member,152250,42
W24026,Member,50987,67
W00618,Member,4900,20
W20583,Member,6693,23
W21192,Member,17464,37
W01245,Casual,376002,66
W22662,Member,6528,12
W20987,Member,9330,30
W21485,Member,43008,56
W20387,Casual,38799,27
W22676,Member,5057,13
W20625,Casual,51030,42
W20624,Casual,28169,17
W00008,Casual,53486,47
W22340,Member,14773,17
W22431,Member,38610,30
W21679,Member,9940,14
W01180,Member,38220,52
W22125,Member,7722,33
W20136,Member,27972,63
W20785,Casual,9778,2
W00561,Casual,19604,4
W21624,Member,16848,16
W01007,Member,9065,49
W23562,Member,70984,76
W22026,Member,15171,39
W21466,Member,55496,56
W21794,Member,4104,24
W20313,Member,4680,15
W20769,Member,5124,21
W21113,Member,29394,46
W20417,Member,30096,38
W20832,Casual,74851,37
W20330,Casual,80237,41
W20900,Casual,280982,26
W20242,Member,19700,25
W23782,Member,28269,81
W01329,Member,25300,23
W20657,Member,15704,13
W23691,Member,72384,64
W20616,Member,193635,45
W20241,Member,14850,27
W22870,Member,11661,23
W21684,Member,31720,65
W23597,Member,66060,45
W22096,Casual,151704,84
W21720,Member,9141,33
W22603,Member,45720,40
W23926,Member,23600,80
W20759,Member,42441,21
W01292,Member,25279,17
W23650,Member,189792,96
W21727,Member,1820,7
W22581,Casual,65472,44
W21255,Casual,17400,3
W21747,Member,11518,2
W21107,Member,6118,2
W20352,Member,24432,8
W00797,Member,2700,12
W20539,Casual,90032,68
W01087,Casual,38010,30
W01076,Casual,532740,60
W22085,Member,13296,24
W24054,Member,20382,86
W20224,Member,1792,8
W21246,Member,822,1
W21071,Member,31694,53
W20427,Casual,32940,9
W20957,Member,14586,13
W00139,Member,5184,8
W00981,Member,4897,59
W00382,Member,702,3
W22943,Member,10920,30
W23303,Member,31185,45
W22719,Member,73978,94
W23106,Member,5208,12
W00889,Member,10450,50
W21089,Member,34419,77
W23243,Member,7775,5
W23306,Member,2974,2
W20267,Member,19212,12
W23024,Member,10206,9
W22931,Casual,69186,26
W22272,Casual,34697,17
W20628,Casual,29357,31
W01185,Member,33824,56
W21181,Member,12084,19
W22704,Member,20585,23
W20255,Member,67414,37
W01377,Casual,53504,19
W23287,Member,20213,29
W22025,Member,11160,40
W00106,Member,2703,17
W23590,Member,4784,13
W00207,Member,28494,18
W00486,Member,21560,56
W20555,Member,4004,22
W23317,Casual,23838,29
W23874,Member,34029,57
W21070,Member,21507,67
W23191,Casual,5061,1
W00998,Member,5775,35
W22764,Casual,5034,1
W21421,Member,6444,18
W22884,Member,110960,73
W00467,Member,72333,47
W23471,Member,80451,63
W20731,Member,15812,59
W20558,Casual,32022,18
W00864,Member,8280,30
W23727,Casual,18690,6
W23959,Member,262,2
W00971,Casual,61620,20
W23552,Member,32661,19
W23198,Member,31911,33
W00603,Member,20372,22
W00502,Member,9840,41
W01164,Member,32544,32
W22762,Member,21300,20
W20834,Member,58000,50
W20506,Casual,13584,16
W21805,Member,45265,55
W23190,Casual,14706,19
W01167,Casual,201856,64
W22343,Casual,91376,8
W00680,Casual,273240,24
W01066,Member,14192,16
W21495,Member,24140,34
W22868,Member,57064,56
W00829,Member,15129,41
W23134,Casual,267328,32
W22950,Member,18240,38
W00510,Member,2625,21
W20014,Member,12240,24
W01271,Member,66194,46
W22515,Casual,26640,20
W20645,Member,18720,13
W22390,Member,39744,24
W20735,Member,14694,31
W23125,Member,29500,25
W24091,Member,19239,53
W22978,Member,11374,47
W21115,Casual,92278,29
W22799,Member,2664,9
W20045,Member,91977,69
W21493,Casual,167530,55
W22740,Member,47360,37
W00976,Casual,7070,14
W22592,Member,14632,8
W00918,Member,9300,31
W20820,Member,6660,5
W23881,Casual,42800,80
W20033,Member,4860,30
W22999,Member,35351,29
W00974,Casual,142256,34
W21379,Member,5408,26
W01229,Casual,249360,80
W00748,Casual,66144,53
W23030,Member,29631,21
W23817,Member,9865,5
W20122,Casual,16702,14
W23706,Casual,15910,5
W24013,Member,62084,68
W21037,Member,11424,21
W22076,Casual,44758,7
W00517,Casual,40576,32
W21236,Member,22110,55
W20986,Member,12660,12
W23456,Member,2352,16
W01387,Member,2224,4
W20283,Member,26622,34
W23007,Casual,9300,12
W20111,Member,10094,49
W22476,Member,106225,35
W22162,Member,11571,21
W22963,Casual,1750,2
W20341,Member,18144,48
W22369,Casual,182464,64
W21881,Casual,37275,25
W22378,Casual,6846,14
W22648,Member,251786,67
W20442,Member,18753,19
W23858,Member,79716,84
W23792,Member,34373,37
W00038,Member,15428,29
W00418,Member,99752,74
W21575,Member,28334,31
W23912,Member,268320,80
W01225,Casual,21032,44
W00275,Member,11970,21
W00928,Casual,69762,42
W20258,Member,9637,23
W21066,Casual,14375,25
W00759,Member,16031,41
W22318,Member,19460,35
W24149,Member,21142,62
W23980,Member,1785,5
W20471,Member,39668,47
W23510,Member,21948,31
W20920,Casual,52591,77
W00701,Member,37968,48
W23166,Member,24108,42
W23702,Member,25494,42
W23231,Member,21088,32
W01283,Member,8173,11
W21384,Member,36244,34
W01399,Member,19305,39
W20347,Casual,26352,4
W23511,Member,87374,79
W01214,Member,10222,19
W01322,Member,25509,33
W00576,Member,658050,41
W23538,Member,30600,68
W21491,Member,88550,50
W21468,Member,16613,37
W21585,Member,18928,28
W01442,Member,6765,55
W20592,Member,37775,25
W01303,Member,16896,44
W23523,Casual,22977,111
W22203,Casual,31142,46
W22435,Member,30304,32
W20112,Member,39312,28
W23853,Casual,28764,51
W00428,Member,7216,16
W21004,Member,15708,33
W23997,Member,97440,42
W22655,Member,3333,11
W01464,Member,70120,40
W22531,Member,91312,52
W20083,Member,69046,23
W22595,Member,106992,36
W24045,Casual,155358,63
W20740,Member,1812,1
W24167,Member,67681,53
W21761,Member,28644,42
W21281,Member,2815,5
W00012,Casual,41344,34
W00673,Member,29184,38
W20400,Member,42720,24
W21083,Member,38070,30
W23173,Member,73194,66
W23370,Member,21224,28
W22810,Casual,99570,30
W23570,Casual,208640,64
W00117,Member,13950,30
W20684,Casual,479950,29
W21926,Member,55796,74
W00983,Member,12768,21
W21662,Member,10311,21
W22202,Member,28448,56
W20071,Member,44244,36
W23081,Member,1480,5
W23474,Member,7160,20
W01235,Member,30645,45
W20961,Member,47487,33
W23483,Casual,73161,33
W20446,Member,12544,32
W23524,Casual,17236,31
W00581,Casual,29824,32
W23082,Member,27225,45
W20001,Member,5285,7
W23290,Member,18186,42
W20705,Member,15226,46
W21327,Member,4600,25
W20257,Member,12936,22
W01338,Member,12025,37
W22624,Member,13410,45
W00146,Member,44772,41
W21144,Member,29868,57
W23252,Member,10250,50
W20887,Member,12245,31
W22805,Casual,37370,37
W22267,Casual,83952,66
W20707,Member,46004,31
W22667,Member,5720,13
W00931,Member,12936,21
W01487,Casual,17871,37
W22029,Member,11872,56
W23088,Member,15717,31
W20508,Member,6052,34
W01190,Member,5100,30
W22055,Member,1006,1
W23973,Member,42180,114
W01305,Member,2790,31
W20630,Casual,1831410,34
W01445,Member,3936,16
W20977,Member,6456,12
W21545,Member,771342,22
W20277,Casual,158784,32
W20150,Member,50320,37
W20715,Member,93826,86
W21486,Member,19320,56
W00704,Member,42269,43
W01008,Member,41738,41
W01307,Member,4035,15
W20029,Member,38313,33
W23314,Member,36450,50
W20853,Member,19499,37
W20643,Member,17512,44
W24141,Member,15910,86
W20068,Member,12376,34
W23682,Member,71686,73
W21920,Member,416,4
W00876,Casual,24242,17
W23901,Member,135966,86
W20437,Casual,25830,21
W23236,Member,4529,7
W00239,Casual,38920,35
W21067,Member,27213,47
W20723,Member,37674,78
W22505,Member,16659,27
W00568,Casual,33456,34
W23840,Casual,277875,117
W00404,Casual,108200,40
W00131,Member,25410,33
W23938,Member,71629,83
W23696,Member,10640,76
W21259,Member,20131,41
W21333,Member,60368,77
W01352,Member,4224,33
W01186,Member,26941,29
W00555,Member,28116,33
W22367,Member,8073,27
W23876,Member,48790,35
W22296,Member,18879,29
W20461,Member,166888,46
W21169,Member,30768,48
W23721,Member,37076,31
W20200,Member,6670,58
W20836,Member,40285,35
W21475,Member,10575,45
W23530,Member,64653,69
W23841,Member,13566,17
W21279,Member,44612,38
W24105,Member,84007,77
W01133,Member,25740,33
W22876,Member,51876,36
W23627,Member,28897,71
W00948,Member,22140,30
W21388,Member,11408,16
W00163,Member,963,3
W21547,Member,39088,56
W20493,Member,6681,17
W00817,Member,5336,23
W20992,Member,14756,34
W23564,Member,33283,83
W24147,Member,11610,45
W01242,Member,67136,32
W23260,Member,2992,11
E00134,Member,57279,61
W20862,Member,10017,27
W21393,Member,4116,21
W23628,Member,28726,53
W21218,Casual,3885,7
W20312,Member,10545,15
W21944,Member,79422,62
W22496,Member,44130,30
W00062,Member,27151,19
W23238,Member,15159,31
W00623,Member,34861,71
W22796,Member,69368,58
W01327,Member,10848,32
W23105,Member,55664,49
W01236,Member,17296,47
W20706,Member,6675,25
W20373,Casual,148350,50
W22705,Member,1904,8
W21616,Member,13503,21
W01129,Member,26048,32
W23480,Member,1988,7
W23928,Member,24735,97
W01203,Member,8635,55
W23129,Member,20601,63
W00085,Member,14400,30
W23036,Member,20427,33
W22191,Member,45960,60
W20285,Member,53064,44
W22425,Member,34685,35
W23642,Member,25530,74
W20846,Member,1020,10
W00814,Member,6864,44
W23118,Member,60996,52
W01158,Member,5355,9
W23594,Casual,3340,20
W00481,Member,45120,30
W00993,Member,45984,96
W23250,Member,6477,51
W22932,Member,19670,35
W21173,Member,45790,38
W01080,Member,28331,41
W23406,Member,25335,45
W23084,Member,3773,11
W23187,Member,96348,74
W00643,Casual,16686,18
W23845,Member,29890,70
W23558,Member,125400,88
W23612,Member,20140,95
W22681,Member,15855,35
W20817,Member,750,2
W20821,Member,15000,60
W21910,Member,51688,71
W00259,Member,10400,25
W21733,Member,83052,54
W23183,Member,15100,50
W21751,Member,8976,11
W21378,Member,10800,18
W23748,Member,5852,28
W20738,Member,55104,56
W22766,Member,22944,48
W20191,Member,16153,29
W23662,Member,15529,53
W01017,Member,19200,25
W00339,Member,33924,22
W01233,Member,23874,69
W01119,Member,41028,52
W22982,Member,45408,48
W22716,Member,15972,33
W23623,Casual,16324,44
W22550,Member,2890,17
W20079,Member,38872,43
W23677,Member,17024,28
W23621,Member,50547,83
W21744,Member,24750,30
W23949,Member,13820,10
W20217,Member,31980,39
W20678,Member,101910,79
W01057,Member,15606,17
W22237,Member,34615,35
W01121,Member,10530,10
W21734,Member,9824,32
W00212,Member,40864,32
W22772,Member,5984,17
W20881,Member,2103,3
W23836,Member,54796,76
W22626,Member,51219,27
W20988,Casual,940,4
W21420,Member,17160,22
W20220,Member,10176,16
W21560,Member,7275,75
W21165,Member,24490,31
W00913,Member,28248,44
W21529,Member,41450,50
W22393,Member,15180,15
W00562,Member,20096,32
W00047,Member,23150,50
W23760,Member,83272,56
W23077,Member,3192,38
W23413,Member,14960,44
W24077,Member,85956,78
W22281,Member,176625,75
W01261,Member,4917,33
W23051,Member,93525,29
W23539,Member,125812,71
W22990,Member,2127,3
W01028,Member,10935,27
W00006,Member,30360,40
W23337,Member,48736,32
W00093,Member,45186,34
W00966,Member,16455,15
W00070,Member,23340,60
W01126,Member,1968,8
W00162,Member,6138,33
W23999,Member,5734,47
W23364,Member,24492,52
W23206,Member,11891,47
W01376,Member,7800,10
W20954,Member,18941,13
W22937,Member,71168,32
W23956,Member,21375,75
W01339,Member,9310,38
W22514,Member,63085,55
W22638,Member,10132,17
W21478,Member,11760,30
W23812,Member,75050,50
W23629,Member,67473,51
W20646,Member,12960,18
W00302,Member,11913,33
W23830,Member,16060,73
W21202,Member,24451,49
W00037,Member,10305,15
W20380,Member,10535,49
W00951,Member,43009,41
W01147,Member,14265,45
W21101,Member,41636,28
W21220,Member,551,1
W21182,Member,14835,23
W01328,Member,2398,11
W00640,Member,3420,9
W21001,Member,9360,26
W20536,Member,5770,5
W00187,Member,49192,43
W23992,Member,24249,59
W00851,Casual,5620,10
W01231,Member,38430,45
W21879,Member,19320,69
W22551,Member,1052,4
W20214,Member,46764,54
W20863,Member,42455,35
W20024,Casual,39970,35
W22337,Member,25508,28
W23087,Member,22140,27
W22126,Member,27348,43
W21843,Member,41856,48
W23915,Member,37740,51
W20736,Member,5118,6
W22213,Member,16620,30
W22030,Member,59750,50
W00095,Member,8664,12
W00185,Member,3409,7
W20801,Member,5900,20
W01064,Member,7462,26
W22169,Member,16688,28
W22827,Member,1020,2
W23913,Member,29008,98
W21882,Member,1315,5
W00641,Member,15183,21
W01455,Member,28655,55
W22058,Member,18031,19
W01131,Member,38558,26
W23775,Member,68472,27
W00938,Member,12245,31
W22470,Member,19320,42
W20910,Member,33373,23
W22119,Member,21275,23
W22987,Member,43542,41
W21330,Member,6925,25
W23224,Member,4524,26
W21698,Member,990,6
W22726,Member,31536,24
W20980,Member,31242,41
W00846,Member,18084,44
W20147,Member,12934,29
W21544,Member,23040,40
W23335,Member,14529,29
W21989,Member,28014,42
W21261,Member,29172,52
W00427,Member,11754,18
W00771,Member,5076,12
W21414,Member,16356,47
W22593,Member,2200,10
W21649,Member,16592,34
W20125,Member,2266,22
W20560,Member,26910,30
W01038,Member,23408,38
W21924,Member,20664,41
W20179,Member,26187,29
W22087,Member,24276,28
W21565,Member,15019,23
W22331,Member,83288,58
W01256,Member,11606,14
E00066,Member,14596,41
W22949,Member,43792,56
W20296,Member,5520,8
W20379,Member,84246,57
W00534,Casual,11609,13
W00560,Member,35496,36
W01169,Member,7852,13
W01474,Member,16484,26
W23203,Member,23709,21
W22291,Member,32054,47
W20671,Member,11908,52
W01155,Member,4558,43
W21524,Member,144432,68
W23829,Member,39960,90
W21567,Member,10120,44
W23363,Member,19604,58
W22149,Member,18175,25
W23803,Member,13884,89
W20782,Member,18046,14
W20786,Member,353,1
W22789,Member,21452,31
W22588,Member,7800,40
W23512,Member,9324,12
W21377,Member,68016,26
W21268,Member,13839,21
W20981,Member,21228,29
W00371,Member,8864,16
W00904,Member,39688,41
W23864,Member,15665,65
W21000,Member,26595,45
W00958,Member,13232,16
W21763,Member,13080,24
W21148,Member,2196,4
W23148,Member,965,5
W22650,Member,1510,5
W00505,Member,55134,54
W23345,Member,27768,78
W23026,Member,2928,24
W21164,Member,18036,18
W00446,Member,7976,8
W23976,Member,56252,82
W23929,Member,62172,99
W23553,Member,26600,95
W00693,Member,12528,18
W20623,Member,1625,25
W21052,Member,12642,43
W21569,Member,34510,34
W00081,Member,4152,12
W23339,Member,21138,39
W23427,Casual,14481,9
W22988,Member,3113,11
W23719,Member,137956,28
W21848,Member,6776,7
W21034,Member,9156,14
W21130,Member,1708,7
W20745,Member,2072,7
W01299,Member,13478,23
W21685,Member,59892,31
W00750,Member,32718,42
W20895,Member,43600,50
W21923,Casual,14383,19
W21729,Member,11951,37
W22117,Member,20490,30
W20237,Member,21600,27
W01145,Member,290,2
W22710,Member,2538,18
W23593,Member,19250,70
W21988,Member,1848,12
W22642,Member,8092,28
W20598,Member,63919,41
W23663,Member,14212,17
W21632,Member,3795,15
W00553,Member,34884,68
W20366,Member,1070,5
W01069,Member,47655,45
W23164,Member,1290,3
W00975,Member,4395,15
W22594,Member,9135,15
W21277,Member,34959,43
W01054,Member,39830,35
W01171,Member,61116,33
W01089,Member,27150,30
W21654,Member,7560,15
W21044,Member,13684,22
W23619,Member,90156,66
W21490,Member,3887,13
W00657,Member,28016,34
W23607,Member,36372,42
W23028,Member,39882,51
W22940,Member,5668,13
W00274,Casual,21735,45
W22418,Member,31616,38
70105,Member,75600,168
W20441,Member,17763,31
W21091,Casual,624216,31
W22453,Member,8684,26
W20307,Member,10800,18
W00666,Member,6678,9
W23871,Member,20640,60
W22474,Member,15114,33
W00199,Member,544,2
W22113,Member,12121,23
W21712,Member,49653,27
W21176,Member,1164,6
W20770,Member,138159,51
W00785,Member,20938,29
W22276,Member,283,1
W21471,Member,56457,3
W20704,Member,48298,62
W20175,Member,13480,20
W20062,Member,22345,41
W20260,Member,14124,44
W22942,Member,1276,4
W20594,Casual,15408,9
W22893,Casual,66000,40
70231,Member,190800,159
W21085,Member,8729,29
W21105,Member,346,2
W00223,Member,7020,30
W23604,Member,35984,104
W00133,Member,18569,31
W00805,Member,3800,20
W23689,Member,120486,86
W00590,Member,52499,47
W23499,Member,12116,52
W23375,Casual,108756,76
W01093,Member,660,2
W23048,Member,4498,13
W23779,Member,65800,70
W20969,Casual,22720,4
W20609,Casual,22740,4
W22857,Member,2728,11
W00386,Member,24048,24
W00894,Member,26180,28
W20633,Casual,433,1
W22114,Member,17289,51
W21942,Member,4464,9
W22530,Member,11968,64
W23554,Member,133912,38
W23905,Member,12615,29
W21026,Member,34594,49
W20429,Member,15598,22
W20975,Member,4194,18
W23281,Member,20050,25
W01264,Member,18966,29
W20304,Member,22113,27
W21316,Member,13692,28
W21676,Casual,115200,20
W00289,Member,5052,12
W22311,Casual,6774,6
W21273,Casual,24066,21
W00825,Member,8502,26
W21715,Member,4080,16
E00109,Member,53200,100
W20797,Member,49036,46
W00387,Member,32076,44
W23504,Member,25806,46
W20655,Member,16560,69
W23212,Member,27800,50
W00706,Member,8118,41
W00197,Member,2349,9
W21530,Casual,1804,2
W23521,Member,28710,45
W21894,Member,1149,3
W20561,Member,19110,65
W01163,Casual,9664,16
W23743,Member,16926,26
W21074,Member,9884,28
W23071,Casual,41094,9
W20654,Casual,28875,25
W00242,Casual,6720,6
W20944,Member,3020,5
W23093,Member,23500,50
W20995,Member,62238,46
W21319,Member,3420,5
W21492,Member,35046,59
W01265,Member,4972,11
W21389,Member,11032,8
W21347,Member,3006,6
W22067,Member,44916,38
W20315,Member,93234,82
W22918,Member,43486,34
W20903,Member,22644,51
W22468,Member,14725,25
W23527,Member,71422,82
W22335,Member,7070,10
W01348,Member,26680,46
W01358,Member,28700,35
W21821,Member,21774,57
W21059,Member,10318,67
W00761,Member,5466,6
W00098,Member,11877,37
W22915,Member,12200,40
W00888,Member,25650,75
W21344,Member,32312,28
W22659,Member,43680,42
W23889,Casual,1339,1
W22436,Member,51597,63
W01355,Member,16847,17
W22466,Member,8640,24
70015,Member,17225,65
W23285,Member,13872,34
W20515,Member,16568,38
W22615,Member,25671,43
W20058,Member,7350,30
W22776,Casual,1768,1
W00238,Casual,15300,15
W20642,Casual,38766,39
W23002,Member,12075,25
W00571,Member,33176,52
W00249,Member,5365,37
W00813,Member,34164,39
W21003,Member,11472,24
W20287,Member,9416,22
W22582,Member,33480,54
W22320,Member,54366,51
W24040,Member,42517,61
W23493,Member,30688,16
W23280,Member,3288,12
W01409,Member,34442,34
W21796,Casual,34368,64
W22462,Casual,88872,24
W23366,Member,16727,43
W20503,Member,2086,7
W20854,Casual,17880,12
W22878,Member,23207,23
W21571,Member,25216,32
W01394,Member,18375,25
W23142,Member,7375,25
W00739,Member,24050,50
W21110,Member,4774,7
W23776,Member,41652,89
W20764,Member,13900,50
W20613,Member,93025,61
W21390,Casual,1302,3
W01070,Member,1860,5
W21600,Member,1440,6
W22871,Member,70200,45
W22192,Casual,16448,16
W21453,Member,1837,11
W23189,Member,1794,6
W21700,Member,7320,24
W21975,Member,10374,39
W21614,Member,4140,12
W21124,Member,27634,41
W24058,Member,33580,46
W21473,Member,5795,5
W00498,Member,6594,21
W22790,Member,44495,55
W00978,Member,31400,40
W20346,Member,34359,39
W22493,Member,6660,37
W23533,Member,103589,71
W23318,Member,4374,27
W21774,Member,347,1
W22298,Casual,5392,8
W23391,Member,6448,13
W22689,Member,45848,44
W21211,Member,1905,5
W23923,Member,5152,16
W23010,Member,25452,42
W24009,Member,39674,83
W20699,Member,2320,16
W22825,Member,47767,37
W24144,Member,80820,60
W00059,Member,7420,20
W23050,Member,62551,71
W01173,Member,18564,17
E00099,Member,90978,177
W00567,Member,3070,10
W21449,Member,10104,12
W00570,Member,1710,3
W20803,Member,8555,29
W23583,Member,17568,48
E00140,Member,81375,105
W00342,Member,78057,49
W22427,Member,5720,10
W21459,Member,12512,34
W00192,Member,924,4
W01058,Member,68148,54
W01091,Member,5228,2
W21143,Member,67865,49
W22695,Member,20944,8
W21838,Member,18290,31
W22424,Member,33566,26
W21328,Member,14586,39
W20521,Member,15800,20
W00893,Member,41613,39
W00015,Member,11067,31
W20928,Member,27560,65
W00614,Member,25024,32
W21704,Member,24624,38
W20983,Member,4506,6
W00542,Member,8476,13
W23936,Member,450,2
W22972,Member,5478,6
W21790,Member,2888,19
W00566,Member,32010,33
W20664,Member,25680,24
W20993,Member,3941,7
W21041,Member,6993,27
W22529,Member,3546,6
W00605,Member,85557,57
W23341,Member,27063,31
W22292,Member,14049,21
W21416,Member,15079,17
W23182,Member,23310,35
W20409,Member,804,6
W00159,Member,7378,31
W22886,Member,3730,10
W00335,Member,3689,31
W00786,Member,1566,3
W01224,Member,13325,41
W22961,Member,8370,30
W21844,Member,31240,20
W00438,Member,14952,28
W01290,Member,3368,8
W00407,Member,12341,41
W20414,Member,63726,57
W00804,Member,6446,11
W00712,Member,9933,43
W01289,Member,11932,19
W00359,Member,3318,21
W20879,Member,4185,27
W00871,Member,21960,40
W21604,Member,18942,41
W21714,Member,26892,54
W00039,Member,2500,10
W00447,Member,25250,50
W00766,Member,36672,16
W01443,Member,2424,12
W01467,Member,38976,32
W21267,Member,57982,53
W20169,Member,3146,26
W00496,Member,25056,32
W21968,Member,13860,20
W22735,Member,27642,34
W21097,Member,1529,11
W20682,Member,35685,45
W21395,Member,173,1
W22527,Member,364,2
W22583,Member,514,2
W01421,Member,14240,32
W21103,Member,17270,11
W00433,Member,16884,42
W20212,Member,5610,17
W22775,Member,588,6
W01227,Member,51585,19
W22814,Member,1529,11
W22925,Casual,12628,11
W20970,Member,6750,30
W20188,Member,8631,21
W23679,Member,6953,17
W21397,Member,27511,61
W01413,Casual,19404,12
W00620,Member,13225,25
W01156,Member,19080,60
W23218,Member,1830,10
W01138,Member,2864,8
W20799,Casual,13428,18
W00453,Member,169,1
W23439,Member,49623,3
W23116,Member,19236,21
W22828,Member,50764,37
W00161,Member,99579,57
W24125,Member,6468,44
W23709,Member,32256,84
W22984,Member,1518,3
W00860,Member,36892,23
W00336,Member,10580,20
W00216,Member,31672,37
W00252,Member,12284,37
W23302,Member,37721,67
W21797,Member,1440,9
W20124,Member,65377,47
W21539,Member,6219,9
W23266,Member,562,2
W20756,Member,39832,26
W20622,Casual,11136,16
W00236,Member,91770,57
W00610,Member,79,1
W21583,Member,5364,18
W01389,Member,1054,2
W23551,Member,22411,73
W22576,Member,4770,18
W23047,Member,5300,25
W21607,Member,57057,57
W20186,Member,999,1
W20883,Member,2382,6
W22652,Member,58826,67
W20252,Member,2428,4
W00094,Member,19320,40
W23732,Member,87282,78
W20159,Member,45517,23
W23919,Member,58604,49
W20498,Member,11184,48
W23574,Member,56201,43
W24090,Member,36239,31
W00919,Member,738,3
W23525,Member,99648,72
W20800,Member,7083,9
W23757,Member,12152,28
W23902,Member,1716,3
W20023,Member,1338,6
W24004,Member,28396,31
W23249,Member,40320,48
W23139,Member,12012,21
W00303,Member,6402,11
W23575,Member,144981,89
W00954,Member,50880,32
W20833,Member,11517,11
W21007,Member,17568,36
W21522,Member,1661,1
W20742,Member,4816,28
W22415,Member,18738,54
W00572,Member,10914,34
W00233,Member,13805,11
W22449,Member,2940,5
W20835,Member,6460,19
W00482,Member,1050,2
W01438,Member,21336,24
W22891,Member,43736,44
W01353,Member,7272,36
W01463,Member,53424,48
W23482,Member,7416,18
W22180,Member,43218,49
W23509,Member,28416,74
W22210,Member,4278,23
W22960,Member,12240,40
W22077,Member,50388,51
W01336,Member,1953,9
E00101,Member,25839,81
W00722,Member,8624,22
W00064,Member,2878,2
W20795,Member,28998,54
W22183,Member,8897,31
W00990,Member,14000,28
W00792,Member,29555,23
W22771,Member,11388,26
W00243,Member,32912,34
W21494,Member,29744,26
W23609,Member,8944,43
W21145,Member,16128,36
W21681,Member,28880,40
W23996,Member,65000,65
W24152,Member,80958,103
W23468,Member,23540,55
W22386,Member,29184,38
W23945,Member,6132,7
W00544,Member,29991,39
W00431,Member,6882,31
W22808,Member,483,1
W22966,Member,6840,30
W01382,Member,10224,36
W23414,Member,10234,34
W23846,Member,24272,82
W21203,Member,3231,9
W23827,Member,124950,75
W00476,Member,484,1
W01039,Member,34542,57
W21415,Member,72511,59
W21534,Member,12810,42
W23870,Member,25830,70
W23497,Member,4790,10
W23948,Member,18744,22
W23417,Member,59200,64
W00307,Casual,21915,15
W21243,Member,11913,19
W00593,Member,29230,37
W22661,Member,38115,35
W20806,Member,8190,30
W20246,Member,46272,32
W23637,Member,7644,84
W21404,Member,66570,42
W23811,Member,391,1
W00522,Member,25795,55
W21502,Member,46632,58
W23688,Member,29800,50
W23622,Member,42804,82
W00285,Member,15279,33
W22859,Member,7710,15
W22316,Member,102996,36
W21687,Member,16392,24
W00224,Member,3010,10
W20504,Member,9112,8
W00158,Member,8388,9
W00324,Member,31066,49
W22992,Member,16520,8
W23596,Member,28910,49
W22577,Member,5984,34
W20222,Casual,113420,53
W01084,Member,896,4
W23671,Member,5850,2
W20324,Member,10296,33
W23791,Member,112376,88
W21982,Member,4212,26
W00430,Member,9684,36
W21659,Member,28350,30
W00420,Member,7728,28
W00736,Member,8624,56
W23458,Member,76930,70
W22696,Member,16752,24
W00367,Casual,205252,23
W22812,Member,10872,18
W23031,Member,1440,3
W23247,Member,8400,24
W23882,Casual,1385,5
W00762,Member,39270,55
W23334,Member,27030,53
W20202,Member,4500,36
W21256,Member,13200,12
W00016,Member,22246,49
W01437,Casual,2208,3
W20229,Member,45344,52
W00818,Member,43344,43
W20814,Member,378,2
W24076,Casual,406321,61
W24059,Casual,109692,18
W01340,Casual,25470,10
W20144,Member,13550,25
W22034,Member,58190,46
W22597,Casual,75635,35
W00330,Member,13413,51
W22600,Member,6345,9
W22443,Member,3120,13
W23018,Casual,1312,1
W00417,Member,110670,34
W20066,Member,28820,55
70174,Member,258,1
W20185,Member,16872,38
W22437,Casual,256558,37
W21455,Casual,18074,7
W21167,Member,63900,30
W20421,Member,44336,34
W00892,Member,17118,18
W00513,Member,2155,5
W23061,Casual,482,1
W00575,Member,1912,2
W21657,Casual,23964,6
W24115,Casual,106954,53
W01414,Casual,41920,32
W22266,Member,4185,31
W21297,Member,1433,1
W21836,Member,35966,7
W00490,Member,76146,37
W20912,Member,207461,61
W23155,Member,18802,34
W22185,Casual,16440,24
W21842,Member,17510,34
W22451,Member,3330,6
70064,Member,101283,91
W01311,Member,51210,18
W00765,Member,14427,21
W21897,Member,8343,27
W22524,Casual,25515,15
W23219,Member,13251,21
W23644,Member,2193,1
W00240,Member,6039,9
W01060,Casual,82400,50
W22907,Casual,67288,26
W20951,Member,24464,44
W00026,Member,10277,43
W23678,Casual,6136,4
W00033,Member,2682,6
W21233,Casual,1511,1
W00932,Casual,12684,28
W22193,Casual,34980,22
W20282,Member,6592,8
W00741,Member,2975,5
W23005,Member,2936,4
W00143,Member,3312,18
W00397,Member,21320,41
E00146,Member,368060,110
W24135,Casual,345031,83
W24129,Casual,336717,81
W21846,Member,4620,35
W22570,Casual,78210,33
W20350,Member,5520,20
W00022,Casual,69000,46
W01221,Member,35139,51
W20606,Casual,1466,1
W00574,Member,20096,64
W00121,Casual,32760,36
W20155,Member,13330,43
W00856,Casual,681560,44
W20351,Member,6916,19
W23907,Casual,33025,25
W01130,Casual,52858,26
W00715,Member,21352,34
W20484,Member,27264,32
W21470,Member,5272,8
W22345,Member,33212,46
W23132,Member,7248,12
W01410,Member,9765,31
W20386,Member,87360,60
W00648,Member,37467,69
W22507,Member,27426,21
W22773,Member,146,2
W22690,Casual,5190,3
W20363,Casual,2551,1
W00312,Member,37744,28
W00740,Member,11640,8
W21992,Casual,4994,2
W22209,Member,42804,36
W21260,Member,5150,25
W23179,Casual,57324,17
W20694,Member,1795,5
W22246,Member,8204,14
W00635,Member,24284,52
W01184,Member,8190,21
W21028,Member,4675,5
W20082,Member,27577,23
W00627,Casual,79776,9
W20254,Member,19600,28
W00443,Member,18879,21
W22008,Member,10270,5
W20486,Member,77588,68
W22187,Casual,53718,14
W00280,Member,35712,32
W22898,Member,113256,72
W00364,Member,8712,12
W00937,Member,31086,66
W22105,Member,856,4
W20231,Member,66963,39
W00957,Member,2324,7
W22447,Member,17370,18
W22081,Casual,292848,48
W21446,Member,16376,23
W23638,Member,1545,5
W22204,Member,23394,42
W01073,Casual,736,1
W00380,Member,9316,34
W00724,Member,19680,15
W22897,Casual,42168,24
W20109,Member,3318,14
W21465,Member,19647,59
W23894,Member,9840,12
E00078,Member,179400,130
W22538,Member,948,2
W23323,Member,2784,6
W20319,Member,10575,45
W23463,Member,32240,62
W22329,Member,7820,34
W20855,Member,32560,44
W23927,Member,30107,77
W22928,Member,29820,35
W22359,Member,4384,4
W22513,Member,37135,35
W22036,Member,2396,4
W23371,Member,83904,64
W00895,Member,16038,27
W01015,Member,33129,27
W20893,Member,6798,6
W23130,Member,170055,45
W00048,Member,2760,6
W24106,Casual,62220,68
W20310,Member,24165,27
W23674,Member,26433,33
W23692,Member,33534,81
W00660,Member,5886,27
W22148,Member,14673,73
W22722,Member,999,3
W20128,Casual,1270,1
W21505,Casual,3837,3
E00122,Member,1170,6
W20631,Member,1890,9
W20297,Member,3832,2
W20518,Member,1858,1
W00795,Member,1705,5
W23865,Member,8550,18
W21054,Member,18180,30
W01402,Casual,48700,25
W01033,Member,16700,25
W01248,Member,43329,39
W20048,Member,5832,24
W00288,Member,1576,1
W21456,Casual,10200,12
W20000,Member,12320,32
W00135,Member,11882,26
W00775,Member,11782,43
W23598,Casual,30348,18
51020,Member,75894,91
W21352,Casual,80670,15
W21724,Casual,4560,10
W20828,Member,12000,25
W00283,Member,14970,30
W23192,Member,12400,25
W00376,Member,980,2
W00857,Member,24892,49
W01310,Member,20496,16
W22967,Member,13265,35
W00774,Member,26370,18
W22256,Member,8100,27
W20907,Member,33488,26
W21746,Member,25920,45
W22709,Member,10660,26
W21533,Member,30208,32
W22800,Casual,9702,9
W21132,Member,34713,57
W00812,Member,19096,44
W01291,Member,4224,24
W00119,Member,825,3
W21663,Member,9030,15
W00144,Member,9405,19
W20057,Member,8160,20
W20209,Member,4345,11
W00633,Casual,284840,40
W00520,Member,9240,35
W20434,Member,14850,50
W22485,Member,37935,45
W21368,Casual,8806,17
W22138,Member,25300,44
W21745,Member,28416,74
W01321,Member,8607,19
W20016,Casual,13560,5
W21716,Casual,32208,12
W22508,Member,2604,7
W00532,Casual,22630,10
W23101,Member,17316,36
W00253,Member,1020,12
W00241,Member,7524,22
W22274,Member,5409,9
W20579,Member,13826,31
W23631,Member,428,2
W00977,Member,11515,35
W00755,Member,15075,45
W21553,Member,10028,46
W21072,Member,36570,23
W21608,Casual,1775,1
W22228,Member,6498,18
W22314,Member,59432,34
W21771,Member,1720,8
W23109,Member,3564,11
W24008,Member,535,5
W24037,Member,13940,34
W01160,Member,3024,12
W21870,Member,12423,41
W22752,Member,1250,2
E00108,Member,128142,126
W21025,Member,2232,8
W00390,Member,10824,22
W01217,Member,16440,24
W01102,Member,3366,11
W00615,Member,44748,33
W21987,Member,20880,20
W20345,Member,27965,35
W20999,Member,14896,16
W00837,Member,3714,6
W22060,Member,770,5
W00077,Member,56867,41
W01196,Member,1305,3
W22224,Member,6728,8
W20064,Member,1500,5
W21595,Casual,8282,41
W20743,Member,30093,21
W00663,Member,19598,41
W21442,Member,1185,5
W00868,Member,5751,27
W20117,Member,11835,15
W23495,Member,64660,61
W00210,Member,3336,24
W22750,Member,5687,11
W00341,Member,7350,35
W21754,Member,21868,44
W20567,Member,66230,37
W20875,Member,19998,33
W23254,Member,2848,4
W20107,Member,47718,33
W22744,Member,34155,33
W20584,Member,850,5
W21906,Member,7120,5
W22230,Member,48282,39
W23124,Member,293,1
W00444,Member,14154,14
W20204,Member,56610,30
W00662,Member,931,1
W00474,Member,37882,47
W22116,Member,144,1
W00703,Member,15120,35
W22194,Member,28713,51
W21930,Member,10890,30
W22104,Member,1353,3
W22997,Member,20736,32
W21706,Casual,13250,25
W20445,Member,45280,40
W22392,Member,896,2
W01094,Casual,27072,32
W00194,Member,6188,17
W23327,Member,7189,13
W22012,Casual,3120,6
W00193,Member,5952,32
W20334,Member,23905,35
W23756,Member,117572,68
W00273,Member,37978,34
W22983,Member,14007,21
W24085,Member,3861,13
W20636,Member,33330,55
W22509,Member,25116,28
W21140,Member,14420,35
W20378,Casual,36435,35
W23135,Member,36828,27
W21291,Member,12864,12
W20620,Member,10318,22
W20377,Casual,7605,9
W00649,Member,10455,17
W21177,Member,23281,31
W20600,Member,25974,37
W01494,Member,39754,26
W22052,Member,1582,7
W23020,Member,115092,46
W21342,Member,2432,8
W00747,Member,10800,27
W21758,Member,279,1
W22130,Member,2032,4
W20203,Member,1270,5
W22680,Member,11704,19
W20602,Member,46066,62
W23813,Member,116535,51
W23861,Member,18576,12
W21520,Member,1128,1
W24095,Member,412,1
W23831,Member,26130,39
W01280,Member,814,2
W21886,Member,2688,16
W21973,Member,840,6
W20575,Member,3594,6
W22132,Member,35720,40
W00054,Member,11102,26
W22265,Member,53148,43
W23034,Member,8100,45
W23408,Member,35496,51
W20216,Member,12402,26
W20210,Member,24894,18
W20487,Member,4080,4
W01381,Casual,6250,5
W22980,Member,1016,2
W21482,Member,21225,15
W01010,Member,3344,16
W21593,Member,4740,20
W22325,Member,2135,7
W23744,Member,28600,65
W21402,Member,21298,23
W21413,Member,35808,32
W22100,Member,16718,26
W00103,Member,23360,40
W23019,Member,14616,36
W00483,Member,4843,29
W20869,Member,22814,34
W20174,Member,27864,54
W21969,Member,14540,20
W21537,Casual,9025,25
W22440,Member,1152,3
W00009,Member,313,1
W23961,Member,1158,3
W22697,Member,7320,24
W22855,Member,12382,41
W22895,Member,56700,70
W00865,Member,2335,5
W01274,Member,3723,17
W23372,Member,26620,44
W22118,Member,3601,13
W01354,Member,11293,23
W00452,Member,624,4
W22361,Member,2418,6
W00370,Member,15523,43
W22888,Member,13020,21
W20790,Member,5632,22
W22150,Member,1590,10
W23605,Member,12053,17
W20225,Member,310,1
W23239,Member,2952,9
W00028,Member,1118,13
W00219,Member,14222,13
W22065,Member,4700,50
W20859,Member,8874,34
W22998,Member,7410,26
W20320,Casual,684,1
W22738,Member,39275,25
W00930,Member,576,4
W00760,Member,28080,26
W20906,Member,14217,7
W01366,Member,11457,19
W23859,Member,4992,39
W23214,Member,2121,7
W00439,Member,4086,6
W23842,Member,53217,81
W00859,Casual,3645,9
W00550,Member,7920,22
W21651,Member,8048,16
W22396,Member,14509,11
W22815,Member,6664,28
W22487,Member,42588,36
W20382,Member,7488,36
W20405,Member,13392,9
W20537,Member,8288,16
W23916,Member,16205,35
W20424,Member,516,2
W20874,Member,24372,18
W20871,Member,11102,13
W21271,Member,25092,34
W20392,Member,4978,38
W22394,Member,3714,6
W21191,Member,27440,20
W22461,Member,2076,6
W21693,Member,4176,9
W23942,Member,9856,64
W22852,Member,9348,38
W20823,Member,4224,12
W24156,Member,8085,21
W00489,Member,39078,13
W21087,Member,2349,9
W00399,Member,2024,4
W21947,Member,53824,29
W01369,Member,1032,3
W20990,Member,1140,4
W22591,Member,26015,11
W21298,Casual,1236,4
W21816,Member,93824,32
W20470,Member,3112,4
W22613,Member,14525,35
W00067,Member,30184,56
W01470,Casual,5819,11
W01323,Member,14444,23
W23447,Member,1200,2
W21387,Member,8704,34
W23091,Casual,63294,42
W23807,Member,680,2
W01026,Member,7857,27
W21810,Member,7700,28
W22683,Member,2025,5
W20940,Member,2628,3
W01116,Member,2223,13
W22082,Member,297,3
W22484,Member,499,1
W00816,Casual,15820,20
W23626,Member,27666,53
W00391,Member,17936,19
W20161,Member,40562,34
W20572,Member,2604,3
W21526,Member,11592,18
W24048,Member,1433,1
W20942,Member,2310,6
W21350,Member,13500,25
W22022,Member,25080,33
W22083,Member,237,3
W21515,Casual,101565,45
W00263,Member,17061,33
W01429,Member,6688,11
W20118,Member,51300,36
W22674,Member,11020,19
W20088,Member,22320,62
W01202,Casual,24600,30
W00354,Casual,27774,18
W22691,Member,784,4
W23867,Member,28028,49
W23174,Member,5720,26
W00800,Member,13056,34
W00356,Member,10868,26
W23324,Member,3161,29
W21479,Member,456,2
51033,Member,36400,91
W01179,Member,32643,31
W20054,Member,16589,53
W01406,Member,7072,34
W23710,Member,7320,60
W23460,Member,6720,32
W00132,Member,16058,31
W21014,Member,1360,5
W20018,Member,23498,31
W21626,Member,14280,30
W22504,Member,8205,15
W23346,Member,24710,35
W21653,Member,16188,38
W23477,Member,61280,40
W23170,Member,4213,11
W00969,Casual,5559,3
W21648,Casual,3660,5
W24148,Casual,1248,3
W00732,Casual,1320,5
70087,Member,65162,62
W22467,Member,1912,8
W01335,Member,22616,44
W22217,Casual,783,1
W21831,Member,2154,6
W01117,Member,4545,9
W22086,Member,1000,8
W23576,Member,19981,53
W20051,Member,618,3
W00091,Member,13046,11
W22304,Member,10792,38
W22353,Member,2178,9
W24043,Member,19701,33
W21258,Member,33312,24
W21483,Member,24035,23
W22631,Member,8208,16
W00128,Member,5800,8
W22376,Member,4040,8
W22245,Member,21774,38
W24074,Member,24888,24
W21149,Member,355,1
W22019,Member,21945,15
W24042,Member,36660,60
W22401,Member,26600,28
W21584,Member,25619,17
W23428,Member,20750,25
W00642,Member,34162,38
W00705,Member,55857,43
W20647,Member,3630,11
W21234,Member,48640,32
W20665,Member,45824,64
W22406,Member,79971,61
W21040,Member,19734,26
W22711,Member,38450,25
W22708,Member,1587,3
W21867,Member,24050,25
W22718,Member,996,4
W21605,Member,52394,67
W20455,Member,3024,14
W20527,Member,22165,55
W22906,Member,11550,50
W00442,Member,784,2
W21646,Member,2303,1
W20864,Member,5226,26
W22336,Member,20384,26
W20886,Member,25090,26
W23851,Member,19593,63
W00899,Member,11808,41
W21552,Member,2720,10
W22347,Member,25840,34
W21841,Member,1580,2
W21396,Member,7424,16
W23263,Member,29536,32
W20897,Member,7650,10
W21006,Member,23324,28
W22061,Member,11115,19
W20371,Casual,61654,29
W22965,Casual,25848,18
W21785,Member,32759,47
W20170,Member,4422,22
W23589,Member,9858,3
W00787,Member,8107,11
W23310,Member,28304,16
W21597,Member,18624,48
W22479,Member,14599,13
W01276,Member,86940,45
W01294,Casual,116940,15
W20722,Member,8848,16
W22299,Member,93126,66
W21599,Casual,3072,2
W23436,Member,5272,4
W23228,Member,1023,3
W23274,Member,14040,30
W01460,Member,24012,18
W22074,Member,3615,5
W20998,Member,9680,22
W21239,Member,22102,43
W22994,Casual,276,1
W20733,Member,4318,17
W21284,Member,9632,43
E00118,Member,31773,119
W20685,Member,10100,25
W21090,Member,9773,29
W00318,Member,3453,3
W22565,Member,25636,17
W00577,Member,6647,17
W23708,Member,63000,36
W20672,Member,1700,5
W21688,Member,18902,13
W22547,Member,11790,30
W23651,Member,18445,17
W23823,Member,76900,50
W01249,Member,1684,4
W22692,Member,11620,35
W22366,Member,74,1
W01074,Member,14364,6
W23397,Member,64887,43
W22303,Member,3090,30
W24052,Member,4149,9
W00421,Member,35425,25
W20309,Member,3672,12
W22820,Casual,11746,14
W20533,Member,10080,32
W21638,Member,17427,37
W00020,Member,4788,21
W22362,Member,7210,35
W22146,Member,8347,17
W23054,Member,1540,10
W23181,Member,12771,27
W01014,Member,58266,54
W20866,Member,27408,12
W23964,Member,429520,80
W20205,Member,3936,16
W00055,Member,2128,7
W00254,Casual,28567,11
W00398,Member,23340,20
W00305,Member,159367,23
W22618,Member,37050,26
W00164,Member,19474,13
W20511,Casual,2466,3
W22384,Member,13414,38
W23591,Member,129492,66
W23742,Member,28495,41
W00401,Member,240,1
W21197,Member,9698,13
W22574,Member,4026,22
W21129,Member,10714,22
W23063,Casual,1912,1
W23795,Member,12261,61
W20097,Member,970,1
W20727,Member,6877,13
W23296,Member,5520,23
W22619,Member,4086,18
W22557,Member,1116,9
W21047,Casual,15920,40
W22200,Casual,9200,25
W21673,Member,13104,6
W22801,Member,9272,19
W21204,Member,26784,32
W21128,Member,1246,7
W22286,Member,42588,36
W20573,Casual,1639,1
W00264,Casual,1547,1
W23202,Member,6006,7
W23092,Casual,235089,27
W20767,Casual,35152,26
W00286,Member,64180,20
W21822,Casual,8490,5
W00125,Casual,12808,8
W00266,Casual,8275,5
W22959,Member,460,1
W23237,Member,2777,1
W22929,Member,41122,58
W00462,Casual,103020,30
W21317,Member,71921,23
W21672,Casual,6520,8
W23731,Member,24960,64
W21853,Member,4400,10
W22902,Member,4432,16
W21108,Member,22784,32
W22892,Casual,23009,7
W22938,Member,14578,2
W00907,Member,5605,5
W01067,Member,39424,44
W22226,Member,1440,4
W01187,Member,36894,26
W23275,Member,1995,15
W00503,Member,434,2
W21639,Member,1449,9
W20754,Casual,3592,4
W01043,Casual,1594,2
W21718,Member,8060,10
W20251,Member,1762,1
W21061,Member,1752,1
W21294,Member,29130,10
W21686,Member,10400,40
W23796,Member,1388,2
W22098,Member,5976,24
W00429,Member,8181,27
W20766,Member,10005,29
W21185,Member,744,4
W01495,Member,3220,10
W20849,Member,32760,28
W00487,Member,2380,14
W00057,Member,40455,29
W22759,Member,21692,29
W00198,Member,22032,17
W21338,Member,822,6
W23269,Member,1435,5
W00526,Member,11456,32
W20273,Member,24381,63
W21578,Member,14544,24
W23123,Member,13180,20
W21932,Member,2464,11
W22707,Member,6681,17
W20872,Member,4516,4
W00621,Member,6630,13
W00584,Member,1640,5
W21005,Member,5215,7
W23467,Member,13867,49
W22554,Member,193,1
W00512,Member,2280,8
W20697,Member,12165,15
W21276,Member,25008,24
W21457,Member,466,2
W01398,Member,14008,8
W00901,Member,30558,33
W20839,Member,2128,14
W00994,Member,462,3
W00141,Member,13543,29
W00624,Member,7475,23
W21711,Member,3380,13
W20941,Member,1713,3
W22837,Member,8239,11
W20182,Member,24084,36
W20546,Member,6612,38
W21623,Member,27680,32
W22578,Member,1137,3
W21993,Member,28552,43
W00122,Member,4185,9
W20475,Member,291,1
W21450,Member,9453,23
W20808,Member,3861,13
W22368,Member,2468,4
W00155,Member,16995,33
W21214,Member,47220,60
W21591,Member,11718,18
W22397,Member,19080,24
W23496,Member,8958,6
W23745,Member,12636,78
W20541,Member,6755,5
W20153,Member,698,2
W23501,Member,26649,47
W00518,Member,2204,4
W20529,Member,1720,8
W23169,Member,3348,12
W22909,Member,19635,21
W20978,Member,14442,29
W21174,Member,10868,38
W20531,Member,342,1
W01449,Member,812,1
W20412,Member,4425,25
W00035,Member,14637,7
W01419,Member,14784,28
W21878,Member,19305,15
W23718,Member,21470,38
W01112,Member,19360,22
W22657,Member,3420,19
W21768,Member,1272,3
W22545,Member,68562,39
W20618,Member,4560,5
W21925,Member,10990,35
W21096,Member,4734,6
W00905,Member,12360,12
W22165,Member,4690,14
W20337,Member,15990,15
W21178,Member,5019,21
W23579,Member,12696,23
W21787,Member,264,1
W20532,Member,42600,50
W23153,Member,28434,42
W00855,Member,8620,20
W00379,Member,5202,9
W20298,Member,11556,27
W21876,Member,5061,21
W21360,Casual,8792,8
W00441,Member,240,2
W20013,Member,303,1
W21336,Member,8904,42
W21890,Member,2072,8
W22835,Member,41304,24
W23272,Member,344,2
W23685,Member,25476,44
W22107,Member,13530,30
W01013,Member,16050,25
W22517,Member,14553,21
W20226,Member,4636,19
W21506,Member,12863,19
W00530,Member,42939,39
W01205,Member,15276,19
W22051,Member,3080,8
W22270,Member,32809,43
W22930,Member,4368,24
W23131,Member,26541,27
W21405,Member,2265,5
W20156,Member,992,4
W00658,Member,6354,9
W20017,Member,22816,32
W00743,Member,25710,15
W20748,Member,1086,6
W20838,Member,2497,11
W21092,Member,7471,31
W00551,Casual,1768,1
W20746,Member,1378,2
W00425,Member,23023,13
W00887,Member,39234,39
W21869,Member,1229,1
W00419,Member,638,1
W21462,Casual,109074,21
W01259,Member,1680,16
W22328,Casual,3540,6
W20514,Member,18704,28
W20757,Member,4368,21
W01374,Member,726,2
W23722,Member,978,3
W23883,Member,48544,41
W00536,Member,12705,11
W23763,Member,39360,40
W01085,Member,24054,19
W20432,Member,98083,43
W21460,Member,3706,17
W20644,Member,1855,5
W20956,Member,3585,3
W00734,Member,3720,24
W00416,Member,9012,12
W22687,Member,2640,20
W00854,Member,1575,7
W00209,Member,4830,10
W21938,Casual,14220,30
W00631,Member,8580,20
W20059,Member,4004,13
W21290,Member,5445,11
W20549,Member,1218,3
W21237,Member,11726,26
W00661,Member,5096,13
W21757,Member,3956,4
W20479,Member,44764,31
W20423,Member,14048,32
W23567,Member,107160,38
W00348,Member,62322,39
W23513,Member,43371,79
W20176,Member,32840,20
W01213,Member,1008,1
W21939,Member,5418,18
W20586,Member,320,2
W00171,Member,19075,25
W21481,Member,1370,5
W00013,Member,12036,17
W21628,Member,36192,32
W00853,Member,3654,7
W00730,Member,21372,26
W20085,Member,24456,24
W20108,Member,1636,4
W20641,Member,8784,16
W00322,Member,25728,32
W22317,Member,842,2
W20165,Member,4116,2
W21117,Casual,840,1
W22730,Member,223,1
W23232,Casual,919,1
W20779,Casual,67942,23
W20596,Casual,2312,1
W23808,Casual,16037,7
W21656,Member,49959,39
W21499,Member,9904,8
W00950,Casual,35644,19
W00445,Member,10455,15
W22044,Member,14980,20
W00960,Member,4267,17
W00772,Casual,63175,25
W23930,Member,13281,57
W01078,Member,192,2
W01351,Casual,1160,4
W20138,Member,950,5
W21682,Member,2352,14
W20950,Member,1582,7
W00247,Member,309,1
W01395,Member,8220,12
W22498,Member,6372,6
W00389,Casual,3482,1
W22024,Casual,12688,13
W23848,Member,46266,33
W21964,Member,14333,11
W22795,Member,1082,2
W23074,Casual,66250,53
W01258,Member,6328,7
W00333,Casual,1470,1
W01136,Member,1715,1
W20340,Member,14126,14
W01219,Casual,2162,2
W22231,Casual,1008,1
W00414,Casual,2491,1
W21401,Member,955,1
W20383,Member,15106,13
W01407,Member,2626,2
W21269,Member,3208,8
W23160,Casual,3681,1
W23561,Member,13530,30
W22383,Member,811,1
W21769,Casual,721,1
W23659,Member,306,1
W22536,Member,6492,1
W21970,Member,335,1
W00992,Member,1269,1
W21012,Member,4095,7
W21257,Casual,5086,2
W23246,Member,339,1
W20206,Member,12834,18
W00385,Member,1248,2
W23009,Member,912,3
W20925,Casual,3654,3
W21986,Member,476,4
W01132,Member,866,1
W23434,Member,19516,17
W00168,Member,6018,6
W23407,Member,1260,5
W01440,Member,10052,7
W23484,Member,13260,17
W21893,Member,641,1
W01484,Casual,9702,11
W21141,Member,483,3
W21046,Member,1011,3
W20388,Member,3136,4
W22836,Member,5804,4
W23378,Casual,135493,43
W00909,Member,1615,5
W21579,Member,442,2
W00995,Member,4600,10
W20236,Member,3825,25
W21586,Member,434,1
W22584,Casual,11925,15
W20465,Member,3059,19
W00959,Member,448,2
W20375,Member,280,2
W00383,Member,1152,8
W23039,Casual,2784,6
W22319,Member,36022,31
W22095,Member,7293,13
W22483,Member,1438,1
W22199,Member,232,1
W00174,Member,3108,21
W20734,Member,24801,21
W20333,Member,11334,6
W00564,Member,1892,22
W00034,Member,552,3
W22952,Member,123,1
W21362,Member,5304,8
W20306,Member,350,1
W21811,Member,604,1
W00041,Member,14139,3
W01312,Casual,510,1
W20674,Member,3818,1
W22075,Member,386,1
W23716,Member,5950,10
W01062,Member,170,1
W20314,Member,1713,1
E00092,Member,1239,3
W21010,Member,352,1
W21183,Member,370,1
W00613,Member,6640,5
W22223,Member,670,2
W23613,Member,308,1
W21098,Member,272,1
W20408,Member,15456,21
W23540,Member,3201,3
W00044,Member,4975,5
W23769,Member,8316,14
W20473,Member,2480,10
W01493,Member,691,1
W00040,Member,5775,15
W20280,Member,8763,23
W22215,Member,15576,22
W23069,Casual,1569,1
W01349,Member,3474,18
W22001,Member,574,2
W21572,Member,10240,8
W00696,Member,1050,5
W00107,Member,1431,9
W20271,Member,1320,5
W20822,Member,352982,14
W22920,Member,2097,1
W22028,Member,1890,6
W22544,Member,1564,2
W23361,Casual,6663,3
W22720,Casual,3176,2
W22164,Member,13224,24
W20845,Member,8096,16
W21592,Casual,1898,2
W20302,Member,11645,17
W22232,Member,10125,5
W23329,Member,10697,19
W22782,Member,2331,7
W22755,Member,2640,4
W23720,Member,2925,15
W22996,Member,2058,3
W23572,Member,1860,10
W21705,Member,5643,9
W22387,Casual,420,1
W21439,Member,1034,2
W00922,Member,2364,6
W21496,Member,6864,8
W23862,Member,3248,4
W21966,Member,246,1
W22038,Member,3523,13
W20588,Member,646,2
W00784,Member,2225,5
W23955,Casual,1752,2
W01368,Member,7350,14
W00402,Member,1416,4
W00875,Member,8512,7
W00940,Member,7200,12
W01499,Member,17556,28
W00608,Member,2744,14
W23515,Casual,10134,3
W22084,Member,2217,1
W20193,Member,750,3
W20490,Member,17220,15
W00830,Member,3924,9
W22137,Member,3525,5
W01453,Member,1547,7
W00290,Member,3310,10
W20749,Member,7200,8
W22039,Member,698,2
W22268,Member,850,2
W20126,Member,412,1
W23490,Casual,350,1
W22501,Member,16423,11
W21516,Member,6330,5
W22927,Member,10746,18
W22541,Member,4552,4
W23347,Member,5198,23
W21813,Casual,18390,15
W21301,Casual,2017,1
W23617,Member,11078,29
W00582,Member,14245,11
W20102,Member,15672,3
W23485,Member,1624,2
W22350,Member,19418,14
W23641,Casual,83638,31
W21127,Member,1800,5
W21538,Member,28020,20
W22601,Casual,8442,2
W22078,Member,8652,1
E00069,Member,295,1
W21452,Casual,1360,1
W22143,Member,6125,1
W22163,Member,6308,19
W23241,Casual,5180,4
W23528,Member,5884,4
W20239,Casual,3678,2
W20261,Member,321,1
W20936,Casual,2544,1
W01319,Casual,2308,1
W23804,Casual,2296,1
W00927,Member,4985,5
W00764,Member,7306,2
W23149,Member,4780,5
W21696,Member,4776,6
W23703,Member,3776,16
W22326,Member,369,1
W20659,Member,4961,11
W22946,Member,2970,10
W01295,Casual,1790,2
W24016,Member,1396,4
W00807,Member,1260,3
W21667,Member,8281,13
W21536,Member,502,1
W21079,Member,3060,15
W23383,Member,4645,5
W22573,Member,510,1
W00547,Member,1242,3
W23029,Member,2536,8
W01238,Member,2140,5
W20788,Member,1320,10
E00144,Member,2952,41
W21559,Member,768,3
W21428,Member,842,1
W01104,Member,229,1
W22234,Member,1012,4
W21554,Member,944,4
W21839,Member,2349,9
W23319,Member,462,2
W21603,Member,10962,6
W00939,Member,13905,5
W20464,Member,507,3
W22567,Member,11864,8
W20139,Member,2583,7
W22964,Member,891,3
W22502,Member,1258,1
W23423,Member,15540,14
W22273,Member,268,2
W00676,Member,360,3
W20663,Member,766,2
W22426,Member,1896,3
W00405,Member,8676,4
W22633,Casual,940,2
W20436,Member,1089,3
W00915,Member,377,1
W23824,Member,686,1
W20885,Casual,438,1
W20670,Casual,2073,3
W23262,Member,1234,2
W22763,Member,625,1
W23215,Member,20860,7
W21850,Casual,580,2
W20894,Member,15228,9
W23075,Member,6260,4
W22414,Member,11649,11
W00284,Member,954,2
W21150,Member,492,3
W24073,Member,1662,2
W20737,Member,829,1
W20556,Member,726,6
W22512,Member,214,1
W20850,Member,2224,4
W00923,Member,270,1
W21680,Member,620,1
W21370,Member,3682,7
W23395,Member,847,1
W21937,Member,1408,4
W20322,Casual,1063,1
W22727,Member,611,1
W01003,Member,457,1
W20692,Member,1638,1
W00650,Member,311,1
W00874,Member,526,2
W23946,Member,660,2
W22654,Member,1876,4
W22833,Member,5373,3
W22620,Member,456,3
W00188,Member,125,1
W22824,Member,2188,4
W21208,Member,36450,3
W21287,Member,3108,4
W20680,Member,496,2
W20043,Member,1943,1
W20084,Member,2224,2
W20931,Casual,1201,1
W22244,Member,774,1
W01243,Member,187,1
W22656,Member,8780,2
W21577,Casual,1727,1
W22348,Member,641,1
W20472,Member,533,1
W20168,Member,354,1
W01125,Member,694,1
W23984,Member,1515,1
W23624,Member,173,1
W21707,Member,324,1
W22351,Member,2343,1
W01096,Member,3381,3
W01318,Member,181,1
